1,北坞公园,旅游景点;公园,116.256586,39.986913,116.256713,39.987525,395925.609375
2,古塔公园,旅游景点;公园,116.535404,39.878676,116.535232,39.878140,575268.83984375
3,中央戏剧学院,教育培训;高等院校,116.404667,39.935999,116.404148,39.936165,17024.63671875
4,丰联广场,购物;购物中心,116.438556,39.923713,116.438117,39.924203,11695.01953125
5,中华女子学院,教育培训;高等院校,116.435352,39.994935,116.434508,39.994636,83053.546875
6,北京市工贸技师学院机电分院沙河校区,教育培训;高等院校,116.269387,40.121072,116.269353,40.121264,27537.62109375
7,念坛公园,旅游景点;公园,116.312829,39.706968,116.312383,39.706589,1429198.71484375
8,新发地长途客运站,交通设施;长途汽车站,116.344161,39.825566,116.344622,39.826116,34731.98046875
9,常营公园,旅游景点;公园,116.582142,39.935420,116.581776,39.935472,797205.40234375
10,CBD森林公园,旅游景点;公园,116.456809,39.904997,116.456002,39.905029,17552.078125
11,北京大学第一医院,医疗;综合医院,116.380634,39.931869,116.380739,39.932173,26132.2265625
12,凤凰汇购物中心,购物;购物中心,116.456945,39.962933,116.457789,39.963118,36424.06640625
13,北京动物园,旅游景点;动物园,116.336773,39.942085,116.337435,39.942383,738227.06640625
14,兴海公园(宏福路),旅游景点;公园,116.333587,39.789224,116.333839,39.788697,53206.0859375
15,中国中医科学院望京医院,医疗;综合医院,116.473104,39.982379,116.473974,39.982376,40646.34375
16,东枫国际体育园,运动健身;体育场馆,116.469206,39.937275,116.468601,39.936820,131468.2265625
17,金田公园,旅游景点;公园,116.562663,39.887415,116.562031,39.886899,433675.94140625
18,双秀公园,旅游景点;公园,116.374820,39.966509,116.375293,39.966821,55585.29296875
19,太阳宫足球俱乐部,运动健身;体育场馆,116.449340,39.983463,116.448810,39.983791,27419.80078125
20,南苑公园,旅游景点;公园,116.378569,39.806423,116.378932,39.806228,96901.25390625
21,黄渠公园,旅游景点;公园,116.568580,39.927524,116.569218,39.927122,63799.05078125
22,鸿博公园(红坊路),旅游景点;公园,116.478845,39.819188,116.479425,39.819036,804796.8984375
23,三里屯太古里-北区,购物;购物中心,116.454484,39.938550,116.454221,39.938223,29812.72265625
24,北京泰格高尔夫俱乐部,运动健身;体育场馆,116.553381,39.884670,116.553098,39.883980,58558.765625
25,北京华文学院,教育培训;高等院校,116.337786,40.099993,116.337403,40.099834,146119.34375
26,中门寺生态园,旅游景点;文物古迹,116.082388,39.927908,116.082366,39.928420,25985.0625
27,首都医科大学附属北京友谊医院(通州院区),医疗;综合医院,116.682836,39.934947,116.682433,39.935337,77727.4921875
28,北京站,交通设施;火车站,116.427069,39.903410,116.427388,39.903254,199429.0546875
29,北京华联武夷购物中心,购物;购物中心,116.700087,39.918600,116.700349,39.918875,19729.04296875
30,皇城根遗址公园,旅游景点;公园,116.406628,39.923290,116.405942,39.923726,70969.41015625
31,安贞社区公园,旅游景点;公园,116.399260,39.972288,116.398731,39.972096,18604.73828125
32,博大公园,旅游景点;公园,116.503313,39.796437,116.502915,39.796465,183353.0078125
33,庄胜崇光百货商场本馆,购物;购物中心,116.375581,39.895790,116.375296,39.896287,44309.64453125
34,国际企业文化园西园,旅游景点;公园,116.486347,39.808453,116.486655,39.807831,1099264.81640625
35,温榆河滨河森林公园北区,旅游景点;公园,116.647477,39.935804,116.646686,39.936177,86869.66015625
36,红领巾公园,旅游景点;公园,116.492140,39.925868,116.492078,39.925405,416289.140625
37,喜隆多新国际购物中心,购物;购物中心,116.171890,39.922923,116.172363,39.922396,22217.35546875
38,马家湾湿地公园,旅游景点;公园,116.561478,39.843372,116.562040,39.843985,842670.3203125
39,海淀公园体育中心,运动健身;体育场馆,116.292525,39.984239,116.292699,39.984605,44677.30078125
40,北京城市学院航天城校区,教育培训;高等院校,116.254177,40.089682,116.254915,40.089744,96608.9375
41,首都医科大学附属北京世纪坛医院,医疗;综合医院,116.318993,39.899538,116.319514,39.899318,78342.375
42,清河燕清体育文化公园,旅游景点;公园,116.338842,40.034591,116.339228,40.034973,23040.90234375
43,中国人民抗日战争纪念馆,旅游景点;文物古迹,116.225850,39.852081,116.226024,39.852414,45789.81640625
44,新荟城,购物;购物中心,116.482315,39.998856,116.483004,39.998823,17044.69140625
45,马坡千亩森林公园,旅游景点;公园,116.636069,40.159343,116.635910,40.159834,482086.15625
46,东升八家郊野公园,旅游景点;公园,116.338201,40.020306,116.337418,40.019773,835427.171875
47,北京第二外国语学院,教育培训;高等院校,116.563533,39.912761,116.563843,39.913223,199531.80859375
48,北京电影学院,教育培训;高等院校,116.355718,39.971381,116.355411,39.971302,70922.3984375
49,中国人民解放军第261医院,医疗;综合医院,116.221066,40.116557,116.220620,40.116389,63002.36328125
50,国家奥林匹克体育中心,运动健身;体育场馆,116.400859,39.985140,116.400521,39.984531,637526.34765625
51,小屯公园,旅游景点;公园,116.249917,39.870995,116.249482,39.871473,121061.31640625
52,K酷时尚广场,购物;购物中心,116.419024,40.033371,116.418466,40.033043,22182.76171875
53,北京联合大学师范学院,教育培训;高等院校,116.400270,39.963553,116.400535,39.963804,14633.65234375
54,首都医科大学燕京医学院,教育培训;高等院校,116.666269,40.127760,116.666330,40.128389,86663.15234375
55,银泰百货(北京大红门店),购物;购物中心,116.385542,39.844352,116.386131,39.844902,17476.22265625
56,中国农业大学(西校区),教育培训;高等院校,116.282885,40.026814,116.283765,40.027375,721598.16015625
57,北京科技经营管理学院沙河新校区,教育培训;高等院校,116.290087,40.143943,116.290931,40.143334,85347.66796875
58,北京博爱医院,医疗;综合医院,116.378658,39.849523,116.378905,39.849159,77906.37109375
59,张辛站,交通设施;火车站,116.686531,40.012154,116.685984,40.012779,16926.30078125
60,古观象台,旅游景点;文物古迹,116.434217,39.907132,116.434534,39.907537,10856.48046875
61,北京印刷学院北校区,教育培训;高等院校,116.313129,39.759390,116.312354,39.759289,44365.75
62,北京大学（燕园校区）,教育培训;高等院校,116.310312,39.992876,116.310567,39.993183,1833217.1171875
63,世贸天阶北街,购物;购物中心,116.452266,39.917041,116.452425,39.917464,16898.20703125
64,北店时代广场,购物;购物中心,116.335093,40.080230,116.335624,40.080516,38256.39453125
65,北京六建医院,医疗;综合医院,116.268314,39.906654,116.267572,39.907178,20672.49609375
66,清华大学,教育培训;高等院校,116.326767,40.003910,116.326652,40.004495,3051110.37109375
67,印象城,购物;购物中心,116.303398,39.912319,116.303455,39.912872,20673.3515625
68,国家体育馆,运动健身;体育场馆,116.390159,39.996227,116.389725,39.995636,68076.6640625
69,礼王府,旅游景点;文物古迹,116.376493,39.920714,116.377124,39.921166,33939.89453125
70,长征学院,教育培训;高等院校,116.424913,39.805957,116.425618,39.806304,16882.6796875
71,国泰谊宾商城,购物;购物中心,116.646436,40.133035,116.646663,40.133644,31728.7890625
72,BHG Mall北京华联上地购物中心,购物;购物中心,116.311252,40.028799,116.310594,40.029109,30934.6953125
73,豪丰体育公园,运动健身;体育场馆,116.498618,39.946116,116.499301,39.946022,10056.47265625
74,朝来足球活动中心,运动健身;体育场馆,116.444119,40.015078,116.443455,40.015509,168578.68359375
75,百善公园,旅游景点;公园,116.326395,40.171884,116.326685,40.171471,159782.171875
76,北京教育学院黄寺校区,教育培训;高等院校,116.384664,39.961193,116.384330,39.961152,11326.50390625
77,方庄体育公园,旅游景点;公园,116.428486,39.867174,116.429152,39.867296,87331.125
78,兴华公园,旅游景点;公园,116.326669,39.795263,116.326680,39.795565,57255.44921875
79,南海子公园,旅游景点;公园,116.468678,39.773972,116.468577,39.773427,4780012.8984375
80,立水桥公园(西区),旅游景点;公园,116.409849,40.051341,116.409527,40.050888,69960.828125
81,北京大学国际医院,医疗;综合医院,116.264146,40.100649,116.263940,40.100636,198871.546875
82,比利时使馆旧址,旅游景点;文物古迹,116.412486,39.901755,116.413091,39.901647,11848.27734375
83,玉东园(金河路),旅游景点;公园,116.257850,39.991703,116.258520,39.991640,547255.90625
84,北京师范大学昌平附属学校,教育培训;高等院校,116.267715,40.169058,116.267585,40.169548,31215.9609375
85,中国科学院大学(玉泉路校区),教育培训;高等院校,116.250720,39.909379,116.251317,39.908815,119091.984375
86,北京西山国家森林公园(昌华园区),旅游景点;公园,116.202608,39.972746,116.202706,39.972660,3256317.078125
87,新中关购物中心,购物;购物中心,116.315203,39.978327,116.315927,39.978079,13072.56640625
88,侨福芳草地购物中心,购物;购物中心,116.448786,39.919653,116.448844,39.920201,34728.0390625
89,太阳宫公园,旅游景点;公园,116.453839,39.975747,116.454190,39.975542,499251.640625
90,曙光防灾教育公园,旅游景点;公园,116.282500,39.946971,116.281974,39.947220,51533.98046875
91,美松高尔夫俱乐部,运动健身;体育场馆,116.528125,39.910906,116.528099,39.911287,56885.45703125
92,阳台山自然风景区,旅游景点;风景区,116.082700,40.070400,116.082356,40.070729,3871078.890625
93,北京交通运输职业学院,教育培训;高等院校,116.340070,40.050272,116.339234,40.050164,44699.9453125
94,潞城中心公园,旅游景点;公园,116.712270,39.919607,116.712953,39.920180,184915.3515625
95,九重汇,购物;购物中心,116.542333,40.105738,116.542380,40.106249,24894.9453125
96,永定门公园,旅游景点;公园,116.399098,39.876491,116.398725,39.876653,166289.5390625
97,万达广场(北京通州店),购物;购物中心,116.641739,39.905111,116.641291,39.905721,96577.80078125
98,庄怡公园,旅游景点;公园,116.305884,39.860090,116.305212,39.860303,30897.98828125
99,朝阳大悦城,购物;购物中心,116.518457,39.924430,116.519134,39.925093,67681.53125
100,共和国部长纪念林,旅游景点;风景区,116.188880,39.776318,116.188425,39.775857,154836.33203125
101,新业广场,购物;购物中心,116.446996,39.857642,116.447023,39.857894,48458.44140625
102,榴彩公园,旅游景点;公园,116.421104,39.839600,116.420241,39.839453,21034.91796875
103,望京文化体育公园,旅游景点;公园,116.468461,39.997535,116.468565,39.997631,17548.0625
104,中国中医科学院西苑医院,医疗;综合医院,116.293630,39.995115,116.294489,39.995681,70732.171875
105,房车露营公园,旅游景点;公园,116.212635,39.814970,116.213478,39.815026,149419.48828125
106,外交学院,教育培训;高等院校,116.345670,39.926411,116.346427,39.925771,67908.09765625
107,郎各庄村休闲公园,旅游景点;公园,116.577078,39.845772,116.576365,39.845506,20807.3359375
108,万达广场(槐房店),购物;购物中心,116.367975,39.814159,116.368087,39.814732,92018.39453125
109,北京大学第三医院,医疗;综合医院,116.360420,39.982550,116.360822,39.982277,62455.65625
110,北京四季青医院,医疗;综合医院,116.278878,39.956302,116.278372,39.956895,14931.7421875
111,北京积水潭医院(回龙观院区),医疗;综合医院,116.323067,40.087011,116.323082,40.087295,33499.578125
112,万寿公园,旅游景点;公园,116.367810,39.879879,116.368052,39.879805,35821.20703125
113,北京电子科技学院,教育培训;高等院校,116.279719,39.837578,116.280168,39.837891,88151.02734375
114,京通罗斯福广场,购物;购物中心,116.658726,39.888953,116.659186,39.889272,24074.125
115,未来科学城滨水公园,旅游景点;公园,116.458851,40.123524,116.459573,40.123288,916471.99609375
116,亦庄创意生活广场,购物;购物中心,116.503281,39.810804,116.502920,39.810324,79835.14453125
117,康庄公园,旅游景点;公园,116.342142,39.755467,116.342792,39.755430,126158.21875
118,北京圣爱医院,医疗;综合医院,116.353918,40.009866,116.353608,40.010017,20151.015625
119,高鑫公园,旅游景点;公园,116.298758,39.797831,116.298098,39.797864,415237.32421875
120,北京仁和医院,医疗;综合医院,116.338190,39.742125,116.337403,39.741564,21475.2421875
121,嘉河公园,旅游景点;公园,116.362886,39.853386,116.362634,39.853598,42846.64453125
122,宣武艺园,旅游景点;公园,116.359199,39.895139,116.359028,39.895186,72763.0
123,太平郊野公园,旅游景点;公园,116.395156,40.063347,116.395160,40.063281,476776.1015625
124,中国人民解放军总医院,医疗;综合医院,116.277129,39.904801,116.276576,39.904344,211331.25390625
125,云岗森林公园,旅游景点;公园,116.159144,39.825049,116.159806,39.825430,1012262.71875
126,天坛体育活动中心,运动健身;体育场馆,116.419083,39.879418,116.418437,39.879570,46749.87890625
127,鲁谷奥运文化公园,旅游景点;公园,116.221445,39.900599,116.220639,39.900883,36689.890625
128,青年湖公园,旅游景点;公园,116.402557,39.954932,116.402339,39.955514,178958.046875
129,丰台西站,交通设施;火车站,116.251739,39.836622,116.251312,39.836832,10732.93359375
130,老山城市休闲公园,旅游景点;公园,116.224585,39.914907,116.224248,39.914714,821456.21484375
131,北滨河公园,旅游景点;公园,116.391107,39.950009,116.391554,39.950017,59252.7578125
132,学府公园,旅游景点;公园,116.264404,40.167377,116.263976,40.166836,29686.36328125
133,北京华文学院,教育培训;高等院校,116.338236,39.924052,116.337437,39.924405,19836.09375
134,北京植物园南区,旅游景点;植物园,116.215641,39.989861,116.215233,39.989365,396637.78125
135,北京京通医院,医疗;综合医院,116.686999,39.901407,116.687781,39.900816,12337.546875
136,东升文体公园,旅游景点;公园,116.375967,40.039768,116.375316,40.040054,56767.55859375
137,巩华城,旅游景点;文物古迹,116.279613,40.124044,116.280153,40.123969,10345.359375
138,北京信息职业技术学院,教育培训;高等院校,116.482674,39.972979,116.483010,39.972568,39874.58203125
139,回龙园,旅游景点;公园,116.324802,40.083097,116.324874,40.083181,100776.87890625
140,首钢体育馆,运动健身;体育场馆,116.198777,39.925515,116.199162,39.925604,49772.34765625
141,北京大学(圆明园校区),教育培训;高等院校,116.315772,40.015245,116.315937,40.015389,35322.24609375
142,黄草湾郊野公园,旅游景点;公园,116.435200,40.006030,116.434514,40.005691,312666.5703125
143,颐和园,旅游景点;文物古迹,116.272342,39.998543,116.272955,39.998375,3023723.87890625
144,中央财经大学(沙河新校区),教育培训;高等院校,116.281953,40.171456,116.281982,40.170856,665134.109375
145,北京南宫旅游景区,旅游景点;风景区,116.152130,39.794586,116.152611,39.794975,377291.10546875
146,华科国际高尔夫俱乐部,运动健身;体育场馆,116.280674,39.808225,116.280185,39.808807,641103.10546875
147,清河商业城,购物;购物中心,116.332673,40.042733,116.332056,40.043231,24198.92578125
148,北京市丰台区园林绿化局长辛店公园,旅游景点;公园,116.206518,39.831823,116.206303,39.831581,60430.0
149,世界花卉大观园,旅游景点;植物园,116.353182,39.835227,116.353622,39.835734,407491.01953125
150,鑫之星市场,购物;购物中心,116.267880,40.124312,116.267552,40.124041,30869.65234375
151,北京海洋馆,旅游景点;水族馆,116.340936,39.944631,116.341025,39.945151,34809.953125
152,中国藏学研究中心北京藏医院,医疗;综合医院,116.413749,39.980088,116.413072,39.980464,12339.90234375
153,清河湾高尔夫俱乐部,运动健身;体育场馆,116.390852,40.037410,116.391560,40.037072,1366934.15234375
154,足球公园,旅游景点;公园,116.282540,39.884351,116.281949,39.884960,55457.00390625
155,郭庄子公园,旅游景点;公园,116.258972,39.865039,116.258520,39.864392,87135.62109375
156,中日友好医院,医疗;综合医院,116.426131,39.974271,116.425587,39.973746,99727.59765625
157,欧陆时尚购物中心,购物;购物中心,116.547561,40.066927,116.547768,40.066337,18005.7578125
158,东单体育中心,运动健身;体育场馆,116.417074,39.907150,116.416674,39.907229,26763.5546875
159,中国人民解放军第309医院,医疗;综合医院,116.263814,40.024465,116.263962,40.024722,177813.96484375
160,黄村站,交通设施;火车站,116.331607,39.720316,116.332039,39.720736,59721.9453125
161,白云观,旅游景点;文物古迹,116.343599,39.900878,116.342810,39.900879,29893.37890625
162,万达广场(丰科店),购物;购物中心,116.298846,39.824297,116.298097,39.824188,49218.640625
163,嘉茂购物中心(望京店),购物;购物中心,116.468828,39.993060,116.468564,39.993486,17796.66796875
164,北京工体富国海底世界,旅游景点;水族馆,116.447013,39.928315,116.447057,39.928482,48792.765625
165,北京印刷学院西校园,教育培训;高等院校,116.318614,39.745840,116.319496,39.745545,20113.625
166,首都体育学院,教育培训;高等院校,116.347202,39.970133,116.346399,39.970009,153995.47265625
167,胜道博岳国际卡丁车馆,运动健身;体育场馆,116.547548,40.014725,116.547751,40.015241,14788.57421875
168,奥运生态公园,旅游景点;公园,116.640382,40.016731,116.639485,40.016314,144958.42578125
169,如苑公园,旅游景点;公园,116.417582,40.007429,116.418442,40.006791,15474.1796875
170,宋庄足球公园,运动健身;体育场馆,116.727387,39.945065,116.727400,39.944850,11375.76171875
171,北京印刷学院,教育培训;高等院校,116.329091,39.744691,116.328439,39.744279,163615.98046875
172,京城槐园,旅游景点;公园,116.575678,39.942324,116.576385,39.942381,874813.19921875
173,阳坊公园,旅游景点;公园,116.151928,40.139892,116.152599,40.140548,43754.76953125
174,百望山森林公园,旅游景点;风景区,116.255712,40.029989,116.254934,40.030392,2349280.52734375
175,北京纵横马术,运动健身;体育场馆,116.170896,39.783716,116.170559,39.783908,150793.9296875
176,北京顺鑫绿色度假村,旅游景点;风景区,116.739097,40.083187,116.738229,40.082789,1798306.0234375
177,隆华购物中心,购物;购物中心,116.650372,40.126482,116.650240,40.126775,13128.71875
178,花博会主题公园,旅游景点;公园,116.566087,40.121445,116.565604,40.121815,275980.5546875
179,新都生活广场,购物;购物中心,116.365090,40.059451,116.364470,40.059577,28859.59765625
180,羽毛球馆,运动健身;体育场馆,116.348747,39.844142,116.348206,39.844094,18517.3359375
181,庆丰公园-西园,旅游景点;公园,116.459961,39.903284,116.459591,39.903652,47045.88671875
182,奥林匹克森林公园北园,旅游景点;公园,116.391679,40.027519,116.391552,40.027402,2965985.65234375
183,绿地缤纷城,购物;购物中心,116.334032,39.764458,116.333818,39.765124,22458.98046875
184,北京时珍堂中西医结合医院,医疗;综合医院,116.293987,39.809777,116.294525,39.810287,52988.5
185,承恩寺,旅游景点;文物古迹,116.165167,39.936367,116.165197,39.936170,18363.421875
186,孚王府,旅游景点;文物古迹,116.425152,39.925630,116.425618,39.925362,17109.32421875
187,北京市朝阳区双桥医院,医疗;综合医院,116.606034,39.892659,116.605196,39.892315,13294.61328125
188,北京信息职业技术学院(南校区),教育培训;高等院校,116.311758,39.838665,116.312372,39.838283,37264.08203125
189,武警北京市总队第三医院,医疗;综合医院,116.253872,39.886502,116.253105,39.886635,11895.359375
190,杜仲公园,旅游景点;公园,116.569231,39.893298,116.569193,39.893909,461876.6484375
191,北京市顺义区中医医院,医疗;综合医院,116.654879,40.127653,116.655610,40.128216,21535.3046875
192,安正(卓展购物中心),购物;购物中心,116.277994,39.913402,116.278382,39.914027,51793.83203125
193,国泰百货(通州北苑店),购物;购物中心,116.633914,39.906722,116.634100,39.907122,16576.28125
194,北京二七机车厂体育场,运动健身;体育场馆,116.196530,39.831011,116.197366,39.831449,16576.50390625
195,东升清河培黎公园,旅游景点;公园,116.349044,40.022434,116.348211,40.022507,12716.19921875
196,北京燕莎奥特莱斯购物中心A座,购物;购物中心,116.487967,39.876837,116.488426,39.877029,12266.5625
197,优山美地河堤公园,旅游景点;公园,116.521102,40.073089,116.520919,40.072928,22548.9296875
198,龙潭公园,旅游景点;风景区,116.438176,39.879989,116.438082,39.879914,409043.296875
199,北京市和平里医院,医疗;综合医院,116.413580,39.958201,116.413090,39.958353,21184.14453125
200,北京工人体育场,运动健身;体育场馆,116.447002,39.931295,116.447057,39.931248,216695.3671875
201,北京经济管理职业学院,教育培训;高等院校,116.474669,39.983809,116.473974,39.983757,35333.39453125
202,海子公园,旅游景点;公园,116.348537,39.816951,116.348227,39.816399,265809.76171875
203,会城门公园,旅游景点;公园,116.333271,39.901020,116.333832,39.900866,21204.87890625
204,京辉高尔夫俱乐部,运动健身;体育场馆,116.073570,39.805325,116.073433,39.805061,677649.91796875
205,北京银座和谐广场购物中心,购物;购物中心,116.297239,39.882388,116.298068,39.882334,52413.25390625
206,中央音乐学院,教育培训;高等院校,116.359041,39.902485,116.359035,39.902107,54453.99609375
207,良辰百货,购物;购物中心,116.141509,39.728764,116.141768,39.728536,10654.02734375
208,长阳公园,旅游景点;公园,116.179845,39.759907,116.179483,39.760449,693261.65234375
209,北京小延安,旅游景点;风景区,115.995220,40.126077,115.996089,40.125927,2896170.31640625
210,中国人民大学,教育培训;高等院校,116.313238,39.970602,116.312360,39.971106,579627.8984375
211,北京东站,交通设施;火车站,116.484138,39.902278,116.484830,39.902011,44579.125
212,北京东方大学,教育培训;高等院校,116.492105,39.835637,116.492064,39.835434,49820.95703125
213,戒台寺,旅游景点;文物古迹,116.086092,39.869891,116.085905,39.870338,100349.46484375
214,中国核工业北京四0一医院,医疗;综合医院,116.068294,39.733327,116.068047,39.732861,25418.4921875
215,榆园,旅游景点;公园,116.261394,39.837348,116.262154,39.836649,156201.76953125
216,双桥站,交通设施;火车站,116.569698,39.899781,116.569199,39.899446,98429.75
217,北京万龙八易滑雪场,运动健身;体育场馆,116.154116,39.871915,116.154379,39.872515,367953.515625
218,百花公园东区,旅游景点;公园,116.558470,39.896255,116.558466,39.896532,106099.1796875
219,北京化工大学(西校区),教育培训;高等院校,116.303777,39.942162,116.303458,39.941919,99521.93359375
220,绿堤公园,旅游景点;公园,116.226325,39.840745,116.226034,39.841340,309805.265625
221,北京龙韵国际公园,旅游景点;公园,116.451625,39.988227,116.452392,39.987967,300721.796875
222,晓月郊野公园,旅游景点;公园,116.208452,39.857731,116.208070,39.857905,413253.64453125
223,中塔公园,旅游景点;公园,116.308120,39.920605,116.308817,39.921270,51269.60546875
224,华冠购物中心,购物;购物中心,116.139284,39.735113,116.139956,39.735498,13177.09765625
225,北京师范大学科培校区,教育培训;高等院校,116.223452,39.951882,116.224243,39.952054,20611.6484375
226,北湖九号练习场,运动健身;体育场馆,116.441986,40.006954,116.441660,40.007192,1199832.37890625
227,高米店公园,旅游景点;公园,116.341231,39.764953,116.340999,39.765141,113724.5234375
228,北京农学院,教育培训;高等院校,116.310568,40.094948,116.310572,40.095361,545812.890625
229,北京同仁堂中医医院,医疗;综合医院,116.409471,39.898751,116.409507,39.898842,10109.4375
230,马南里公园,旅游景点;公园,116.508656,40.020185,116.508315,40.020524,19354.1171875
231,欧美汇购物中心,购物;购物中心,116.314110,39.979506,116.314140,39.979429,15849.4765625
232,任意球足球公园,运动健身;体育场馆,116.391811,40.067697,116.391556,40.067444,17860.83984375
233,丰台花园,旅游景点;公园,116.286157,39.863756,116.285533,39.864207,74288.95703125
234,中国人民解放军第二六三医院,医疗;综合医院,116.647451,39.915033,116.646682,39.915428,62998.6640625
235,永利国际购物中心,购物;购物中心,116.444688,39.934696,116.445267,39.935375,23812.30078125
236,国家体育场(鸟巢),运动健身;体育场馆,116.395958,39.993416,116.395127,39.992834,259651.18359375
237,中国科学院大学(中关村校区),教育培训;高等院校,116.336227,39.983341,116.335607,39.983839,51339.18359375
238,国盛时尚,购物;购物中心,116.436213,39.942096,116.436328,39.942151,26973.86328125
239,朝宗桥公园,旅游景点;公园,116.265790,40.133019,116.265755,40.132339,23725.1796875
240,北京大学医院,医疗;综合医院,116.314292,39.996946,116.314139,39.997393,12646.53125
241,北京市顺义区法医院,医疗;综合医院,116.646704,40.115898,116.646651,40.115711,19490.26171875
242,梧桐公园,旅游景点;公园,116.533877,39.823383,116.533475,39.822741,41823.65625
243,天弓高尔夫俱乐部,运动健身;体育场馆,116.269941,39.872597,116.269349,39.872553,150439.8203125
244,北京国际露营公园,旅游景点;公园,116.382062,39.782033,116.382529,39.782608,350608.13671875
245,月坛公园,旅游景点;文物古迹,116.352293,39.916415,116.351828,39.916041,74258.1015625
246,看丹公园,旅游景点;公园,116.267097,39.831406,116.267573,39.831041,217311.10546875
247,北京奥林匹克公园,旅游景点;公园,116.392799,39.992914,116.393327,39.992844,10051250.6875
248,新印象台湖森林公园,旅游景点;公园,116.647925,39.824867,116.648473,39.825461,1370258.0
249,碧玉公园,旅游景点;公园,116.394848,40.011045,116.395137,40.010799,75368.89453125
250,翠城公园,旅游景点;公园,116.507144,39.859419,116.506494,39.858740,33068.93359375
251,北京大学首钢医院,医疗;综合医院,116.203914,39.928981,116.204525,39.928450,56967.20703125
252,北京中医药大学东方医院,医疗;综合医院,116.432085,39.864169,116.432723,39.864593,34071.94921875
253,北京建筑大学,教育培训;高等院校,116.341368,39.935039,116.341030,39.935472,96221.6328125
254,华星国际冰上运动中心,运动健身;体育场馆,116.479832,40.051623,116.479426,40.051379,91377.22265625
255,东风公园,旅游景点;公园,116.520263,39.957779,116.520914,39.958275,365139.41015625
256,北京协和医院(西院),医疗;综合医院,116.367583,39.912939,116.368080,39.913025,14877.8125
257,北京物资学院,教育培训;高等院校,116.638221,39.930625,116.637710,39.930628,366051.640625
258,潭柘寺,旅游景点;文物古迹,116.031232,39.904911,116.030427,39.904382,297463.4375
259,北京青年政治学院,教育培训;高等院校,116.582347,40.000430,116.581741,40.000429,39353.9609375
260,良香公园,旅游景点;公园,116.146519,39.708712,116.147200,39.709048,93264.02734375
261,四得公园,旅游景点;公园,116.474389,39.972124,116.473980,39.972703,232096.68359375
262,街心公园,旅游景点;公园,116.338719,39.729022,116.339207,39.729086,18897.7265625
263,北京亦新公园(天尊苑东北),旅游景点;公园,116.521690,39.825010,116.520925,39.825429,86881.2734375
264,香河园公园,旅游景点;公园,116.449214,39.953923,116.448834,39.953389,82444.79296875
265,志远庄公园,旅游景点;公园,116.411074,39.759284,116.411282,39.758954,136581.32421875
266,北京城乡世纪广场,购物;购物中心,116.532906,39.801689,116.533477,39.801959,92483.96484375
267,凯迪拉克中心,运动健身;体育场馆,116.281308,39.910262,116.281972,39.909875,183347.98828125
268,东单公园,旅游景点;公园,116.417325,39.904909,116.416671,39.904461,41839.8515625
269,天安假日高尔夫俱乐部,运动健身;体育场馆,116.561125,39.996454,116.560238,39.996115,1193567.0703125
270,八大处公园,旅游景点;风景区,116.183732,39.962413,116.183070,39.962646,2259182.6640625
271,六百本北区,购物;购物中心,116.466772,40.010041,116.466772,40.010081,20637.66015625
272,鸿坤广场购物中心,购物;购物中心,116.340045,39.791482,116.339226,39.791487,42020.7734375
273,北京华联常营购物中心东区,购物;购物中心,116.598362,39.926559,116.597995,39.927030,15842.25390625
274,汉光百货,购物;购物中心,116.375346,39.909401,116.375308,39.908744,11887.796875
275,北京信息职业技术学院东区,教育培训;高等院校,116.550111,39.964551,116.549537,39.964144,81027.60546875
276,北京市房山区良乡医院,医疗;综合医院,116.139758,39.736480,116.139955,39.736884,43120.05859375
277,京城梨园,旅游景点;公园,116.550983,39.933745,116.551345,39.933765,648982.7109375
278,红枫湖高尔夫俱乐部,运动健身;体育场馆,116.346857,40.123525,116.346393,40.123267,1314664.33203125
279,星光生态文化休闲公园,旅游景点;公园,116.348133,39.777060,116.348207,39.777589,146103.234375
280,朝阳体育馆,运动健身;体育场馆,116.472115,39.930045,116.472207,39.929871,15275.93359375
281,中国劳动关系学院,教育培训;高等院校,116.317513,39.929446,116.317747,39.929730,87151.9453125
282,滨河世纪广场公园,旅游景点;公园,116.112606,39.939350,116.112885,39.939543,218028.1875
283,伯爵园高尔夫俱乐部,运动健身;体育场馆,116.720844,40.008746,116.720147,40.008544,1218153.54296875
284,北京市石景山医院,医疗;综合医院,116.213276,39.906423,116.213465,39.906400,58085.20703125
285,奥林匹克森林公园南园,旅游景点;风景区,116.391274,40.016131,116.391541,40.016349,3790890.5078125
286,北京联合大学生物化学工程学院(南区),教育培训;高等院校,116.506437,39.862541,116.506492,39.862893,49403.7109375
287,右安门医院,医疗;综合医院,116.361910,39.859433,116.362630,39.859136,18901.98046875
288,雍和宫,旅游景点;文物古迹,116.417219,39.947414,116.416678,39.947342,33930.11328125
289,北京丽宫体育公园,旅游景点;公园,116.557474,40.044491,116.556701,40.044412,466976.76953125
290,奥莱,购物;购物中心,116.187566,39.763123,116.188415,39.763377,143947.859375
291,天安门,旅游景点;风景区,116.397590,39.908776,116.396953,39.908494,31502.76171875
292,中国科学院大学奥运村校区,教育培训;高等院校,116.379690,40.003133,116.378899,40.002689,34033.5625
293,北京植物园,旅游景点;植物园,116.209568,40.001855,116.209859,40.001765,1183343.046875
294,鲁能美丽汇购物中心,购物;购物中心,116.651417,40.178867,116.652059,40.179187,27389.9921875
295,北京国门医院,医疗;综合医院,116.525100,40.014244,116.524497,40.013560,26270.765625
296,祥龙赵公口长途汽车站,交通设施;长途汽车站,116.410175,39.854560,116.409495,39.854545,17106.4921875
297,白盆窑公园,旅游景点;公园,116.325067,39.817446,116.324895,39.817714,77734.0
298,醇亲王府,旅游景点;文物古迹,116.384613,39.944983,116.384345,39.944565,11946.11328125
299,北京联合大学生物化学工程学院(北区),教育培训;高等院校,116.506366,39.864604,116.506492,39.864277,29814.484375
300,地坛体育馆,运动健身;体育场馆,116.408971,39.956638,116.409511,39.956935,12823.91015625
301,北京北站,交通设施;火车站,116.352909,39.945931,116.353630,39.946448,135428.17578125
302,首都经济贸易大学(本部),教育培训;高等院校,116.317206,39.840748,116.317727,39.841147,279718.14453125
303,新奥购物中心,购物;购物中心,116.396531,39.998875,116.396928,39.998355,188335.98828125
304,万芳亭,旅游景点;公园,116.376032,39.858820,116.375284,39.858910,94481.09375
305,长春园景区,旅游景点;风景区,116.313219,40.010016,116.312361,40.009798,769724.31640625
306,中国人民解放军海军总医院,医疗;综合医院,116.323987,39.921789,116.323106,39.921514,73185.125
307,中国伊斯兰教经学院,教育培训;高等院校,116.368093,39.883827,116.368054,39.883958,13811.55078125
308,西便门小公园,旅游景点;公园,116.357814,39.900055,116.357227,39.900750,34613.671875
309,天门山森林公园,旅游景点;公园,116.003246,39.884879,116.003315,39.885426,3717543.578125
310,中关村体育场,运动健身;体育场馆,116.322879,39.986377,116.323070,39.986484,11428.94140625
311,枫蓝国际购物中心,购物;购物中心,116.357274,39.952692,116.357234,39.953312,37441.2734375
312,唐人街购物广场,购物;购物中心,116.390701,39.981217,116.391527,39.981802,25136.01953125
313,五里桥公园,旅游景点;公园,116.624023,39.928639,116.623294,39.927986,88348.4609375
314,北京戏曲艺术职业学院,教育培训;高等院校,116.377284,39.855658,116.377093,39.856110,26345.65234375
315,世贸天阶广场,购物;购物中心,116.452041,39.916331,116.452424,39.916081,36781.98828125
316,春平广场,购物;购物中心,116.451108,39.924292,116.450637,39.924368,10919.1875
317,北京明城墙遗址公园,旅游景点;文物古迹,116.428059,39.901174,116.427386,39.900486,118771.40625
318,北京卫生职业学院,教育培训;高等院校,116.668701,39.885311,116.668113,39.885273,20961.94140625
319,亚洲残奥委员会体育训练中心,运动健身;体育场馆,116.515105,40.116322,116.515502,40.115701,191701.60546875
320,北京爱琴海购物中心,购物;购物中心,116.436281,39.971872,116.436301,39.972558,25077.47265625
321,北京服装学院(北校区),教育培训;高等院校,116.426065,40.148748,116.425608,40.149065,307196.03125
322,长阳国际高尔夫俱乐部,运动健身;体育场馆,116.222214,39.691396,116.222456,39.691627,1383958.8125
323,望京国际商业中心,购物;购物中心,116.483921,39.989235,116.484809,39.989119,43480.33203125
324,顺义公园,旅游景点;公园,116.660689,40.120564,116.660967,40.120019,207425.51953125
325,金融街购物中心,购物;购物中心,116.361597,39.915632,116.360853,39.915918,28497.8828125
326,北京市丰台区南苑医院,医疗;综合医院,116.399793,39.805940,116.400557,39.806035,16824.359375
327,首都医科大学附属北京朝阳医院(西院区),医疗;综合医院,116.209902,39.900370,116.209876,39.900836,49884.48828125
328,北京理工大学(良乡校区),教育培训;高等院校,116.172093,39.730749,116.172335,39.731231,1189790.41796875
329,北京博仁医院,医疗;综合医院,116.337840,39.843064,116.337417,39.842739,12090.4375
330,中央戏剧学院昌平校区,教育培训;高等院校,116.375855,40.104490,116.375281,40.104911,181397.1015625
331,梦秀HAPPYMALL欢乐广场,购物;购物中心,116.456661,39.994625,116.455979,39.994896,18335.98046875
332,苏荷时代商业广场,购物;购物中心,116.644418,39.891601,116.644867,39.891890,12475.91796875
333,北京航空旅游专修学院,教育培训;高等院校,116.281978,39.719709,116.281961,39.720069,266610.2421875
334,望承公园,旅游景点;公园,116.451895,39.995164,116.452392,39.994877,20018.9765625
335,老佛爷百货,购物;购物中心,116.374900,39.914199,116.375312,39.914279,13576.3984375
336,龙湖北京房山天街,购物;购物中心,116.140681,39.745526,116.139952,39.745205,23848.67578125
337,北京西站,交通设施;火车站,116.321529,39.895032,116.321297,39.895193,289382.3515625
338,东星时尚广场,购物;购物中心,116.575898,39.908510,116.576378,39.909182,17592.453125
339,药用植物园,旅游景点;植物园,116.272782,40.034617,116.272985,40.034299,90287.75390625
340,常营体育公园,旅游景点;公园,116.606036,39.922770,116.605221,39.922762,134639.68359375
341,嘉囿城市休闲公园,旅游景点;公园,116.368894,39.841217,116.368068,39.841044,52607.9375
342,国家法官学院(新校区),教育培训;高等院校,116.318400,39.832808,116.317735,39.832840,102439.0
343,四季曙光公园,旅游景点;公园,116.289629,39.948006,116.289147,39.948639,35416.66015625
344,东四奥林匹克社区公园,旅游景点;公园,116.433478,39.928090,116.432760,39.928259,12101.65234375
345,中国人民公安大学(木樨地校区),教育培训;高等院校,116.337088,39.901069,116.337420,39.900880,169259.10546875
346,槐房钓鱼公园,旅游景点;公园,116.378573,39.818739,116.378931,39.818697,53997.83984375
347,北京老年医院,医疗;综合医院,116.164028,40.048698,116.163404,40.048091,159765.09375
348,北京市通州区张家湾卫生院,医疗;综合医院,116.701911,39.858608,116.702116,39.857969,11145.23046875
349,北京大学生体育馆,运动健身;体育场馆,116.349073,39.968709,116.348201,39.968615,16615.53125
350,世纪金源购物中心,购物;购物中心,116.287929,39.958561,116.287346,39.958301,135553.578125
351,老君堂公园,旅游景点;公园,116.519502,39.831514,116.519123,39.830968,715051.86328125
352,仰山公园,旅游景点;公园,116.411768,40.018283,116.411297,40.017755,475828.92578125
353,王府中环,购物;购物中心,116.409672,39.912572,116.409520,39.912682,25195.01953125
354,望京华彩商业中心,购物;购物中心,116.468884,40.010809,116.468574,40.011450,26142.6328125
355,八维研修学院(第二校区),教育培训;高等院校,116.300346,40.041135,116.299887,40.041352,144768.83984375
356,中日友好医院北区,医疗;综合医院,116.428444,39.984152,116.429153,39.983483,16041.57421875
357,龙潭西湖公园,旅游景点;公园,116.431253,39.880211,116.430939,39.879787,731690.02734375
358,首都师范大学北二院,教育培训;高等院校,116.311752,39.937158,116.312388,39.936550,26199.8125
359,净山湖高尔夫会所,运动健身;体育场馆,116.431829,40.182461,116.430971,40.182244,518406.7890625
360,柳浪游泳场,运动健身;体育场馆,116.283573,39.978705,116.283741,39.979011,39690.359375
361,斯普瑞斯奥特莱斯,购物;购物中心,116.596354,40.012069,116.596164,40.012749,98866.8203125
362,中国政法大学(海淀校区),教育培训;高等院校,116.351261,39.965366,116.351808,39.965818,95801.3515625
363,中发百旺商城,购物;购物中心,116.276695,40.029090,116.276580,40.028756,16475.828125
364,易事达购物休闲广场,购物;购物中心,116.421733,40.042464,116.422045,40.042769,24527.453125
365,北京中医药大学良乡校区,教育培训;高等院校,116.170818,39.712275,116.170563,39.711796,782775.46484375
366,航空总医院,医疗;综合医院,116.420001,40.028944,116.420250,40.028927,33068.00390625
367,房山红领巾公园,旅游景点;公园,116.023285,39.724078,116.023202,39.724356,20496.5859375
368,凯德MALL(西直门嘉茂店),购物;购物中心,116.352918,39.941587,116.353633,39.940918,26901.453125
369,狂飙乐园卡丁车,旅游景点;游乐园,116.142047,40.050957,116.141796,40.050995,355390.0546875
370,清源公园,旅游景点;公园,116.303746,39.736067,116.303429,39.735552,2155393.8984375
371,清华大学玉泉医院,医疗;综合医院,116.246566,39.908178,116.245893,39.907529,34518.47265625
372,新秀水街商厦,购物;购物中心,116.449675,39.909505,116.448836,39.909131,10205.58984375
373,海淀区集体生态林景观林,旅游景点;公园,116.150068,40.063930,116.150811,40.063311,347287.7265625
374,恭王府,旅游景点;文物古迹,116.386206,39.937126,116.386153,39.937629,58293.28515625
375,通州区台湖卫生院,医疗;综合医院,116.648971,39.834847,116.648465,39.835154,14928.09375
376,北京财贸职业学院,教育培训;高等院校,116.647805,39.920831,116.648477,39.920975,144937.96875
377,永旺国际商城购物中心,购物;购物中心,116.289533,40.096261,116.289122,40.096419,86880.40625
378,大兴滨河森林公园,旅游景点;公园,116.312748,39.704734,116.312384,39.705201,5208204.5078125
379,玫瑰园,旅游景点;公园,116.381889,39.970348,116.382516,39.970850,39267.0625
380,北京工业职业技术学院,教育培训;高等院校,116.120930,39.960328,116.120089,39.960179,187787.8046875
381,apm,购物;购物中心,116.411732,39.915076,116.411313,39.915467,25553.265625
382,北极寺公园,旅游景点;公园,116.377117,39.985638,116.377088,39.986136,42510.4453125
383,北工大奥林匹克体育馆,运动健身;体育场馆,116.484136,39.872319,116.484810,39.872941,38678.41015625
384,北京电子科技职业学院(亦庄校区),教育培训;高等院校,116.508940,39.770671,116.508304,39.770054,479028.23828125
385,东方新天地,购物;购物中心,116.412047,39.909770,116.411309,39.909932,127580.34375
386, 北京市丰台中西医结合医院,医疗;综合医院,116.210138,39.820335,116.209892,39.820540,28248.73828125
387,白鹿公园,旅游景点;公园,116.554294,39.878389,116.554880,39.878475,245024.04296875
388,北京农业职业学院,教育培训;高等院校,116.225834,39.991408,116.226016,39.990739,50830.95703125
389,黑骑士球员俱乐部,运动健身;体育场馆,116.587754,40.029424,116.587164,40.029423,1193860.24609375
390,卢沟桥,旅游景点;文物古迹,116.219665,39.850339,116.218834,39.849663,27107.5234375
391,活力东方购物广场,购物;购物中心,116.522383,39.940254,116.522724,39.940308,41484.8125
392,北京科技大学,教育培训;高等院校,116.359360,39.990342,116.359014,39.990597,574059.04296875
393,北京大学人民医院(白塔寺院区),医疗;综合医院,116.366121,39.924776,116.366279,39.924126,16212.3046875
394,碧霞元君庙,旅游景点;文物古迹,116.147998,39.918774,116.147206,39.918253,219225.69140625
395,花乡奥莱村,购物;购物中心,116.324208,39.828335,116.324888,39.828794,127658.890625
396,海淀公园,旅游景点;公园,116.295832,39.986177,116.296277,39.986032,333532.14453125
397,北京交通大学清河职业技术学院,教育培训;高等院校,116.350426,40.032454,116.350022,40.032163,26803.859375
398,海鹏高尔夫俱乐部,运动健身;体育场馆,116.308366,40.027182,116.308807,40.027695,59889.578125
399,望京公园,旅游景点;公园,116.498916,39.995225,116.499271,39.995773,168818.56640625
400,北京炼焦化学厂医院,医疗;综合医院,116.525830,39.869526,116.526277,39.869748,39304.21484375
401,米拉公园,旅游景点;公园,116.544742,39.760796,116.544168,39.760527,19565.53515625
402,清河营郊野公园,旅游景点;公园,116.444831,40.055196,116.445266,40.055588,398977.6015625
403,美国使馆旧址,旅游景点;文物古迹,116.401421,39.900816,116.400540,39.900185,14162.109375
404,景山公园,旅游景点;公园,116.396454,39.925934,116.396963,39.926481,270934.76953125
405,新城市广场(朝阳路辅路),购物;购物中心,116.505576,39.915155,116.504720,39.915515,22166.01171875
406,北京鹫峰国家森林公园,旅游景点;公园,116.079745,40.055761,116.080577,40.055521,9123291.734375
407,西单大悦城,购物;购物中心,116.372827,39.910920,116.373503,39.911543,18068.09765625
408,德胜公园,旅游景点;公园,116.382484,39.948458,116.382536,39.948738,11057.03515625
409,团城演武厅,旅游景点;文物古迹,116.209108,39.985255,116.209857,39.985182,24271.86328125
410,海棠公园,旅游景点;公园,116.504846,39.835923,116.504709,39.836613,309866.3359375
411,北京体育馆,运动健身;体育场馆,116.426729,39.882258,116.427370,39.882491,107561.31640625
412,宋庆龄同志故居,旅游景点;文物古迹,116.383165,39.945788,116.382539,39.945973,22325.02734375
413,首都师范大学,教育培训;高等院校,116.305615,39.930138,116.305248,39.929505,290683.640625
414,中国矿业大学(北京沙河校区),教育培训;高等院校,116.261690,40.152700,116.262164,40.153076,149966.9140625
415,望湖公园,旅游景点;公园,116.456702,40.011292,116.455988,40.011479,224071.1875
416,休闲公园,旅游景点;公园,116.347228,40.043220,116.346426,40.043240,18870.63671875
417,天虹商场(国展店),购物;购物中心,116.442124,39.959050,116.441674,39.958826,11855.41015625
418,西红门九龙口休闲公园,旅游景点;公园,116.343031,39.804715,116.342828,39.805343,71934.86328125
419,中华文化园,旅游景点;公园,116.294032,39.784332,116.294510,39.783952,161538.7734375
420,国家奥林匹克体育中心-综合训练馆,运动健身;体育场馆,116.403944,39.985024,116.404112,39.984539,18011.8984375
421,温都水城,旅游景点;风景区,116.370502,40.104248,116.369858,40.103628,380427.71484375
422,陆军总医院,医疗;综合医院,116.429119,39.930871,116.429189,39.930960,75680.7265625
423,北京体育大学,教育培训;高等院校,116.319102,40.023737,116.319518,40.023740,838283.70703125
424,北京交通运输职业学院,教育培训;高等院校,116.343107,39.745031,116.342792,39.745723,37859.0703125
425,北京市百货大楼,购物;购物中心,116.409968,39.913869,116.409521,39.914066,21715.89453125
426,华冠天地(长阳店),购物;购物中心,116.168689,39.771322,116.168756,39.771413,22646.8203125
427,远洋未来广场购物中心,购物;购物中心,116.432437,39.990543,116.432722,39.990458,38317.359375
428,首都医科大学,教育培训;高等院校,116.353127,39.865109,116.353599,39.864805,235219.41796875
429,北宫国家森林公园,旅游景点;风景区,116.118122,39.866035,116.118265,39.866126,1186887.91015625
430,国航大学,教育培训;高等院校,116.590978,40.066150,116.590771,40.066673,33614.20703125
431,北京理工大学（中关村校区）,教育培训;高等院校,116.316187,39.960771,116.315942,39.960114,667918.6640625
432,中国青年政治学院,教育培训;高等院校,116.307623,39.950761,116.307024,39.950277,120036.83203125
433,北京经贸职业学院,教育培训;高等院校,116.164214,39.721529,116.163382,39.721459,77651.08984375
434,中央美术学院,教育培训;高等院校,116.463619,39.983734,116.463165,39.983843,162087.21484375
435,北潞园健身公园,旅游景点;公园,116.125235,39.736233,116.125497,39.735751,43226.06640625
436,北京邮电大学(宏福校区),教育培训;高等院校,116.375173,40.108776,116.375281,40.109049,190665.5390625
437,北京培黎职业学院,教育培训;高等院校,116.345369,40.020895,116.344609,40.021147,66553.69921875
438,西红门清真寺,旅游景点;文物古迹,116.341666,39.791069,116.341023,39.791486,11201.46484375
439,卢沟桥文化旅游区,旅游景点;风景区,116.225609,39.851342,116.226025,39.851030,434652.8515625
440,城南顺义体育中心,运动健身;体育场馆,116.672642,40.110288,116.673464,40.110587,75544.15234375
441,首都体育学院凤凰岭校区,教育培训;高等院校,116.112312,40.079409,116.112869,40.079067,87876.91796875
442,镇海寺郊野公园,旅游景点;公园,116.486947,39.828741,116.486647,39.828608,306329.41015625
443,北京市门头沟区医院,医疗;综合医院,116.101809,39.945473,116.102077,39.945148,22055.640625
444,中国社会科学院研究生院,教育培训;高等院校,116.180299,39.739769,116.179483,39.739648,344539.64453125
445,燕莎奥特莱斯-B座,购物;购物中心,116.488214,39.877773,116.488427,39.878414,10107.1015625
446,丰台体育中心,运动健身;体育场馆,116.277966,39.866955,116.278350,39.866964,196394.828125
447,中国建筑材料科学研究院管庄东里医院,医疗;综合医院,116.593771,39.915905,116.594380,39.916012,10092.59765625
448,阳光新生活广场(通州店),购物;购物中心,116.656313,39.889692,116.655611,39.889220,23723.78515625
449,北京市宝兴高尔夫俱乐部,运动健身;体育场馆,116.242752,39.718286,116.242273,39.717779,2419960.640625
450,北方工业大学,教育培训;高等院校,116.208271,39.928030,116.208103,39.928493,323044.78125
451,北京凤凰岭自然风景区公园,旅游景点;风景区,116.084984,40.107125,116.084116,40.106621,3701799.46875
452,京汉高尔夫俱乐部,运动健身;体育场馆,116.570005,39.908546,116.569208,39.909135,16383.48046875
453,地铁文化公园,旅游景点;公园,116.326132,39.781730,116.326668,39.781701,130648.53125
454,鸿华高尔夫练习场,运动健身;体育场馆,116.426631,40.007564,116.427373,40.006943,189429.4921875
455,北京中医药大学第三附属医院,医疗;综合医院,116.409152,39.978276,116.409493,39.977664,25672.36328125
456,北京联合大学,教育培训;高等院校,116.427180,39.990642,116.427366,39.990360,149665.015625
457,东郊湿地公园,旅游景点;公园,116.661367,40.019683,116.660982,40.019267,4794640.953125
458,天泰山慈善寺,旅游景点;文物古迹,116.156862,39.979509,116.156182,39.979012,52307.7421875
459,后海公园,旅游景点;公园,116.382304,39.942376,116.382541,39.941825,13793.09375
460,京浪岛文化体育公园,旅游景点;公园,116.095935,39.975631,116.096660,39.975551,72868.15625
461,凯德MALL(大峡谷店),购物;购物中心,116.366788,39.854593,116.366247,39.854920,17143.57421875
462,房山夕阳红公园,旅游景点;公园,116.023166,39.722988,116.023204,39.722969,28107.58984375
463,北京航天总医院,医疗;综合医院,116.419788,39.804184,116.420259,39.804827,44317.25390625
464,燕莎奥特莱斯购物中心(北京店),购物;购物中心,116.487749,39.877932,116.488427,39.878414,141378.984375
465,马甸公园,旅游景点;公园,116.379874,39.972357,116.380709,39.972259,81970.98828125
466,天星调良国际马术俱乐部,运动健身;体育场馆,116.511515,40.043562,116.511937,40.043974,77513.2890625
467,西湖园,旅游景点;公园,116.607929,40.049157,116.607030,40.048488,354944.859375
468,通州西站,交通设施;火车站,116.627120,39.904508,116.626889,39.904417,18376.5234375
469,首都医科大学(南校区),教育培训;高等院校,116.352141,39.860439,116.351797,39.860673,52891.39453125
470,丰益公园,旅游景点;公园,116.312795,39.861002,116.312354,39.860433,101150.76953125
471,新燕莎金街购物广场,购物;购物中心,116.410725,39.909816,116.411309,39.909932,12341.4921875
472,首都医科大学附属北京天坛医院(新院区),医疗;综合医院,116.314506,39.833311,116.314163,39.832778,116722.71484375
473,长阳音乐主题公园,旅游景点;公园,116.197048,39.759854,116.197341,39.759377,242518.79296875
474,宏昌竣体育公园,旅游景点;公园,116.476931,40.031192,116.477611,40.030690,179536.6328125
475,北辰高尔夫球会(姜庄店),运动健身;体育场馆,116.443119,39.998696,116.443443,39.998927,521404.62109375
476,东方双鹰高尔夫俱乐部,运动健身;体育场馆,116.229605,39.707298,116.229650,39.706850,1332868.59375
477,中粮·祥云小镇南区,购物;购物中心,116.537692,40.086609,116.537031,40.086853,52429.65625
478,石油化工管理干部学院北校区,教育培训;高等院校,116.417629,40.054428,116.418473,40.053757,62087.1953125
479,永旺梦乐城,购物;购物中心,116.292061,39.817906,116.292734,39.818578,71437.7890625
480,大运河森林公园,旅游景点;公园,116.742441,39.876182,116.741827,39.876799,6513912.3515625
481,绿地缤纷城,购物;购物中心,116.160955,39.756376,116.161571,39.756124,33454.90234375
482,北京大学人民医院,医疗;综合医院,116.354271,39.936891,116.353635,39.936770,45523.66015625
483,北京市石景山体育场,运动健身;体育场馆,116.201709,39.906121,116.200936,39.906260,90062.3125
484,北京市石景山区业余大学,教育培训;高等院校,116.200513,39.917442,116.200945,39.917331,14770.9609375
485,历代帝王庙,旅游景点;文物古迹,116.367479,39.924781,116.368086,39.924094,20486.54296875
486,石景山雕塑公园,旅游景点;公园,116.199842,39.911815,116.199154,39.911768,33287.8359375
487,融乐公园-曙光文化广场公园,旅游景点;公园,116.278090,39.964170,116.278365,39.963805,16501.36328125
488,翠微百货,购物;购物中心,116.303988,39.908362,116.303451,39.908720,38329.05078125
489,佳亿广场,购物;购物中心,116.458307,39.950220,116.457801,39.950679,11167.04296875
490,首都医科大学附属北京地坛医院,医疗;综合医院,116.526304,40.023296,116.526300,40.023241,67662.05859375
491,航天中心医院,医疗;综合医院,116.251816,39.916621,116.251324,39.917118,59230.01171875
492,隆兴购物广场,购物;购物中心,116.288438,40.150405,116.289147,40.150214,29585.28515625
493,悠唐生活广场,购物;购物中心,116.438979,39.921607,116.438116,39.921437,43955.2578125
494,北京市新媒体技师学院,教育培训;高等院校,116.331376,39.734284,116.332026,39.734604,24552.62109375
495,石门营公园,旅游景点;公园,116.110346,39.894742,116.111060,39.895288,53592.59375
496,绿色北岸网球俱乐部,运动健身;体育场馆,116.376913,40.038424,116.377123,40.038642,13070.9609375
497,叠泉乡村俱乐部,运动健身;体育场馆,116.601205,39.935568,116.601607,39.935272,1006496.8671875
498,金星公园,旅游景点;公园,116.341550,39.762050,116.340997,39.762367,106875.53125
499,森林公园-向日葵园,旅游景点;公园,116.380220,40.025168,116.380725,40.024769,14074.859375
500,北京中医药大学东直门医院东区,医疗;综合医院,116.644652,39.884040,116.644860,39.883584,57685.40234375
501,中国人民公安大学团河校区,教育培训;高等院校,116.365973,39.765695,116.366248,39.766247,583746.76171875
502,金隅南湖公园,旅游景点;公园,116.460589,39.982676,116.461367,39.982465,122277.63671875
503,国际关系学院,教育培训;高等院校,116.286352,40.003809,116.285538,40.003892,137997.7265625
504,中国天主教神哲学院,教育培训;高等院校,116.320501,39.747977,116.321283,39.748347,36186.62890625
505,北京中医药大学(西校区),教育培训;高等院校,116.427978,39.971248,116.427375,39.971014,141241.328125
506,京西古道,旅游景点;风景区,116.049661,39.966189,116.050177,39.966616,209870.203125
507,世界公园,旅游景点;风景区,116.287623,39.810456,116.287363,39.810217,407968.06640625
508,郭守敬纪念馆,旅游景点;风景区,116.374180,39.948019,116.373503,39.947504,11714.3671875
509,长阳体育公园,旅游景点;公园,116.202326,39.761245,116.202702,39.760848,111236.65234375
510,昆泰商城,购物;购物中心,116.445065,39.922849,116.445266,39.922927,13543.171875
511,万柳高尔夫俱乐部,运动健身;体育场馆,116.292927,39.979346,116.292701,39.979078,601071.84375
512,首都体育馆,运动健身;体育场馆,116.327352,39.940041,116.326683,39.939541,52824.3984375
513,中国医学科学院北京协和医院,医疗;综合医院,116.415728,39.912729,116.414890,39.912741,102004.36328125
514,北京石油化工学院(康庄校区),教育培训;高等院校,116.313137,39.757212,116.312353,39.756515,35302.015625
515,北京燕西高尔夫俱乐部,运动健身;体育场馆,116.225716,39.947972,116.226046,39.947898,420803.875
516,合生麒麟新天地,购物;购物中心,116.477770,39.997160,116.477584,39.997528,17196.58984375
517,北京劳动保障职业学院,教育培训;高等院校,116.423768,39.985624,116.423795,39.986151,25365.01171875
518,金顶妙峰山,旅游景点;风景区,116.026199,40.063053,116.026831,40.063351,3990218.4375
519,西罗园二区-体育场,运动健身;体育场馆,116.393549,39.859707,116.393329,39.860062,15514.0
520,北京工业技师学院,教育培训;高等院校,116.525290,39.853383,116.524490,39.853128,46116.21484375
521,昊天公园,旅游景点;公园,116.154943,39.733666,116.154385,39.733951,159664.65234375
522,六里桥客运主枢纽,交通设施;长途汽车站,116.306179,39.879840,116.306998,39.879715,63158.76953125
523,北京京顺医院,医疗;综合医院,116.642537,40.130553,116.643073,40.130869,13549.84765625
524,北苑高尔夫俱乐部,运动健身;体育场馆,116.442701,40.023502,116.443464,40.023800,98749.8203125
525,北京CBD国际高尔夫球会,运动健身;体育场馆,116.523390,39.876300,116.522690,39.876655,980032.3828125
526,北京艺术传媒职业学院,教育培训;高等院校,116.120142,40.099199,116.120073,40.099660,89315.2734375
527,月恒正大新生活广场,购物;购物中心,116.312547,39.879311,116.312354,39.879813,29889.6640625
528,北京理工大学良乡校区-北区,教育培训;高等院校,116.169742,39.735167,116.170541,39.735373,427797.29296875
529,金马公园,旅游景点;公园,116.582190,39.758991,116.581742,39.759593,37360.9609375
530,北京燕莎奥特莱斯购物中心C座,购物;购物中心,116.486345,39.877907,116.486619,39.878446,23084.8984375
531,北京华信医院(清华大学第一附属医院),医疗;综合医院,116.495014,39.965565,116.495669,39.965433,60020.359375
532,旺兴湖公园,旅游景点;公园,116.436235,39.814472,116.436331,39.814811,300670.85546875
533,中央财经大学(学院南路校区),教育培训;高等院校,116.342545,39.959557,116.342811,39.958970,133042.01953125
534,八里桥音乐主题公园,旅游景点;公园,116.617272,39.910002,116.617867,39.910083,179829.49609375
535,北京乐羽时代羽毛球馆,运动健身;体育场馆,116.257164,39.882996,116.256717,39.882419,13176.1640625
536,北京王府中西医结合医院,医疗;综合医院,116.414653,40.104982,116.414860,40.104756,25096.44140625
537,滨河公园,旅游景点;公园,116.107312,39.938194,116.107479,39.938211,18074.484375
538,圆明园遗址公园,旅游景点;文物古迹,116.303333,40.006534,116.303431,40.006873,3375278.7890625
539,国际企业文化园-东园,旅游景点;公园,116.500041,39.813783,116.499307,39.813149,592632.63671875
540,龙湖北京大兴天街,购物;购物中心,116.320256,39.686820,116.319534,39.687286,78386.4375
541,旺兴湖郊野公园北区,旅游景点;公园,116.444132,39.821294,116.443476,39.821851,644487.15234375
542,碧海公园,旅游景点;公园,116.439052,39.810617,116.439904,39.810715,278833.89453125
543,中国人民解放军第三零五医院,医疗;综合医院,116.384616,39.925690,116.384350,39.925205,38774.18359375
544,北京香山国际高尔夫俱乐部,运动健身;体育场馆,116.237046,39.964403,116.236848,39.964373,1197056.12109375
545,什刹海公园,旅游景点;风景区,116.384726,39.941346,116.384347,39.941800,651457.625
546,中国社会科学院研究生院(中环南路院区),教育培训;高等院校,116.478009,39.981569,116.477585,39.980945,25553.6171875
547,园景国际大厦,购物;购物中心,116.666369,39.883874,116.666327,39.883856,16163.8828125
548,北京市大兴区人民医院,医疗;综合医院,116.333832,39.730893,116.333822,39.730455,55422.50390625
549,曙光时尚网球俱乐部,运动健身;体育场馆,116.287180,39.948015,116.287355,39.948625,15289.47265625
550,广安体育馆,运动健身;体育场馆,116.355464,39.886992,116.355410,39.886932,28210.89453125
551,当代商城(本店),购物;购物中心,116.321066,39.970521,116.321292,39.969876,17100.13671875
552,北京荟聚中心,购物;购物中心,116.326608,39.788087,116.326675,39.788634,182199.76171875
553,应急总医院,医疗;综合医院,116.436667,39.960147,116.436313,39.960121,14869.484375
554,金福湿地公园,旅游景点;公园,116.600979,39.826149,116.601602,39.825926,222932.91015625
555,北京城市学院,教育培训;高等院校,116.346812,39.987608,116.346389,39.987973,18121.32421875
556,永定门长途汽车站,交通设施;长途汽车站,116.384064,39.869751,116.384312,39.869842,14880.8125
557,窑洼湖公园,旅游景点;公园,116.484121,39.882325,116.484813,39.882631,44745.84375
558,北京京煤集团总医院,医疗;综合医院,116.096808,39.939440,116.096691,39.939616,27047.44140625
559,北京语言大学,教育培训;高等院校,116.346302,39.994965,116.346390,39.994883,253086.6484375
560,首都滑冰馆,运动健身;体育场馆,116.327719,39.943581,116.328471,39.943708,20684.66015625
561,北京航空航天大学（学院路校区）,教育培训;高等院校,116.347164,39.981978,116.346391,39.982446,937438.29296875
562,仁和公园,旅游景点;公园,116.671627,40.106144,116.671678,40.106416,214397.38671875
563,老山自行车馆,运动健身;体育场馆,116.212949,39.914230,116.213472,39.914703,55577.0390625
564,北京联合大学-北院,教育培训;高等院校,116.427706,39.992444,116.427366,39.993124,31948.36328125
565,北京理工大学(房山分校),教育培训;高等院校,116.085317,39.721983,116.085922,39.722062,39750.0546875
566,北京积水潭医院(新街口院区),医疗;综合医院,116.375814,39.944395,116.375313,39.944707,69418.3984375
567,长楹天街购物中心,购物;购物中心,116.600885,39.925040,116.601608,39.925590,78255.32421875
568,北京建设大学,教育培训;高等院校,116.277008,40.019949,116.276572,40.020466,39063.78515625
569,北京市回民医院,医疗;综合医院,116.362706,39.882062,116.362631,39.882669,16957.29296875
570,北京市顺义区医院,医疗;综合医院,116.655825,40.128391,116.655610,40.128216,35903.4140625
571,北京园博园,旅游景点;风景区,116.190752,39.875924,116.190197,39.875621,5306935.0390625
572,丹青圃公园,旅游景点;公园,116.227026,39.975360,116.227822,39.975527,166206.41015625
573,太阳宫体育休闲公园,旅游景点;公园,116.449612,39.980195,116.448812,39.979645,304294.16796875
574,乐跑公园,旅游景点;公园,116.587716,39.816083,116.587174,39.816407,28316.59375
575,阳光星期八,旅游景点;公园,116.254441,39.916283,116.254938,39.915669,59914.17578125
576,北京化工大学(东校区),教育培训;高等院校,116.421216,39.971808,116.422016,39.972302,204130.66796875
577,千灵山风景区,旅游景点;风景区,116.085556,39.860882,116.085907,39.860648,2649677.66796875
578,北京明园大学,教育培训;高等院校,116.339595,40.052592,116.339233,40.052925,11867.68359375
579,住总万科广场,购物;购物中心,116.459417,39.805694,116.459607,39.805348,20371.92578125
580,丁香园,旅游景点;公园,116.502386,39.974672,116.502887,39.974990,58457.28125
581,中国人民大学－北校区,教育培训;高等院校,116.311054,39.974100,116.310573,39.973837,35143.2109375
582,亿潼隆万丰购物中心,购物;购物中心,116.296058,39.873008,116.296276,39.872618,20867.08984375
583,北京国际汉语研修学院,教育培训;高等院校,116.493438,40.041552,116.493884,40.041460,11891.50390625
584,莲石湖湿地公园,旅游景点;公园,116.151965,39.904345,116.152602,39.904365,2904864.078125
585,北京朝来森林公园,旅游景点;公园,116.454204,40.031064,116.454213,40.030814,483477.828125
586,玉渊潭公园,旅游景点;风景区,116.319980,39.916647,116.319529,39.917309,1141030.96484375
587,妙峰山风景名胜区,旅游景点;公园,116.026539,40.064684,116.026830,40.064731,4593696.4375
588,乡村高尔夫俱乐部,运动健身;体育场馆,116.675743,40.158979,116.675284,40.158893,1669078.97265625
589,北京来福士中心,购物;购物中心,116.432412,39.940115,116.432757,39.940705,20376.98828125
590,法海寺森林公园,旅游景点;公园,116.159264,39.940697,116.159809,39.940306,440735.24609375
591,北京高尔夫球俱乐部,运动健身;体育场馆,116.687000,40.157970,116.687795,40.157700,786889.2265625
592,北京服装学院,教育培训;高等院校,116.430938,39.974247,116.430943,39.973843,88463.359375
593,北海公园,旅游景点;风景区,116.389099,39.926623,116.389761,39.926526,696184.69921875
594,槐新公园,旅游景点;公园,116.361637,39.827397,116.360851,39.827323,881681.046875
595,北京科技职业学院,教育培训;高等院校,116.250659,40.117631,116.251291,40.117397,97418.46875
596,同仁医院,医疗;综合医院,116.520125,39.774708,116.520906,39.774150,54244.59375
597,爱情海玫瑰园,旅游景点;公园,116.436662,39.690222,116.436332,39.690008,406930.9765625
598,亦庄公园,旅游景点;公园,116.473584,39.806781,116.474011,39.806643,73282.875
599,奶东公园,旅游景点;公园,116.480745,40.048421,116.481233,40.048589,91137.84375
600,首都经济贸易大学-西区,教育培训;高等院校,116.316836,39.841814,116.317727,39.841147,254766.8828125
601,上品折扣(回龙观店),购物;购物中心,116.334716,40.079104,116.333832,40.079128,10226.73046875
602,VIVA北京富力广场,购物;购物中心,116.460727,39.895440,116.461380,39.895346,22167.828125
603,北京八维研修学院滨河校区,教育培训;高等院校,116.137884,40.096070,116.138149,40.096586,154553.30078125
604,八王坟长途客运站,交通设施;长途汽车站,116.478900,39.902852,116.479411,39.903486,10828.0703125
605,滨河森林公园,旅游景点;公园,116.299589,40.131595,116.299862,40.131037,842262.16015625
606,北京邮电大学沙河校区,教育培训;高等院校,116.288922,40.157354,116.289152,40.157108,497142.421875
607,中国地质大学(北京),教育培训;高等院校,116.347896,39.991188,116.348190,39.990724,357542.5
608,北京工商大学嘉华学院,教育培训;高等院校,116.732236,39.935738,116.732828,39.935073,101480.0546875
609,南宫体育公园,旅游景点;公园,116.143576,39.798101,116.143597,39.797843,75346.609375
610,龙德广场,购物;购物中心,116.415570,40.060102,116.414894,40.060609,80062.9296875
611,翠湖国家城市湿地公园,旅游景点;公园,116.186132,40.103234,116.186626,40.103565,1658569.92578125
612,北京大观园,旅游景点;风景区,116.356138,39.871398,116.355403,39.871704,105128.13671875
613,世界之花假日广场,购物;购物中心,116.421938,39.818507,116.422044,39.818711,114148.3984375
614,教学教学植物园,旅游景点;植物园,116.436196,39.874755,116.436294,39.874347,120403.25
615,比如世界购物中心,购物;购物中心,116.461720,39.968385,116.461377,39.968647,29067.6171875
616,首开福茂,购物;购物中心,116.427348,39.846458,116.427379,39.846498,17838.47265625
617,首都医科大学附属北京同仁医院,医疗;综合医院,116.417153,39.902703,116.416670,39.903077,21043.26953125
618,国家会计学院,教育培训;高等院校,116.567951,40.051332,116.567428,40.051473,140511.62109375
619,首都医科大学宣武医院,医疗;综合医院,116.362304,39.892101,116.362638,39.892359,35799.2265625
620,国泰生活广场机场店,购物;购物中心,116.602859,40.046453,116.603414,40.045791,14059.21484375
621,京城网事网球俱乐部,运动健身;体育场馆,116.576161,39.961557,116.576368,39.961733,10549.0390625
622,西海子公园(建设中),旅游景点;公园,116.662897,39.912385,116.662781,39.912860,79618.19921875
623,首都经济贸易大学(红庙校区),教育培训;高等院校,116.475923,39.914566,116.475809,39.914609,58452.11328125
624,北京首航蓝天学院,教育培训;高等院校,116.208743,40.136902,116.208081,40.137016,20651.09375
625,首都医科大学附属北京友谊医院,医疗;综合医院,116.392130,39.885355,116.391531,39.884993,82714.44140625
626,中关村学院二分院,教育培训;高等院校,116.163820,40.064882,116.163399,40.064655,29471.10546875
627,香江高尔夫球中心,运动健身;体育场馆,116.524811,40.031542,116.524514,40.031521,23818.15234375
628,法国使馆旧址,旅游景点;文物古迹,116.410840,39.904047,116.411303,39.904396,27309.72265625
629,北京市丰台区职业教育中心学校(南苑路辅路),教育培训;高等院校,116.402012,39.805532,116.402353,39.806037,10774.25390625
630,方恒购物中心,购物;购物中心,116.482379,39.990223,116.483002,39.990532,15713.15625
631,华北电力大学,教育培训;高等院校,116.309862,40.089682,116.310576,40.089843,515196.2265625
632,北京市大兴区中西医结合医院,医疗;综合医院,116.448547,39.771846,116.448820,39.772018,18497.66015625
633,怡园公园,旅游景点;公园,116.651788,40.119665,116.652026,40.119896,43928.2890625
634,中国音乐学院,教育培训;高等院校,116.379135,39.991623,116.378895,39.991634,49902.5703125
635,航天万源广场,购物;购物中心,116.423579,39.802690,116.423831,39.802115,14146.1328125
636,北京市房山区长阳镇卫生院,医疗;综合医院,116.212948,39.767063,116.213447,39.766508,11580.01171875
637,西三旗公园,旅游景点;公园,116.363315,40.034848,116.362659,40.034755,14714.40625
638,北京裕和中西医结合康复医院,医疗;综合医院,116.263994,39.921894,116.263974,39.922444,16470.01171875
639,陶然亭公园,旅游景点;风景区,116.381994,39.874450,116.382508,39.874021,523598.234375
640,世纪森林公园,旅游景点;公园,116.244126,39.825361,116.244091,39.825884,1448048.30078125
641,奥园体育俱乐部,运动健身;体育场馆,116.366736,40.025956,116.366267,40.026403,698689.80078125
642,财富购物中心,购物;购物中心,116.458930,39.917715,116.459603,39.917491,32956.7109375
643,温泉公园,旅游景点;公园,116.182074,40.049217,116.181305,40.049661,94058.53125
644,北京SKP,购物;购物中心,116.479006,39.910392,116.479417,39.910406,25297.19921875
645,北京市第一中西医结合医院(东坝院区),医疗;综合医院,116.553328,39.972780,116.553100,39.972501,18749.58984375
646,新城滨河森林公园,旅游景点;公园,116.715910,40.107718,116.716527,40.107990,2080262.56640625
647,北京师范大学(北校区),教育培训;高等院校,116.384020,39.936271,116.384349,39.936270,29747.96484375
648,北京外国语大学(西校区),教育培训;高等院校,116.306445,39.955136,116.307019,39.955806,138515.83203125
649,丰台工人俱乐部,运动健身;体育场馆,116.286605,39.851842,116.287333,39.851760,20537.8828125
650,金中都公园,旅游景点;公园,116.349760,39.871370,116.349992,39.871765,41534.984375
651,国家检察官学院(香山南路),教育培训;高等院校,116.201644,39.945246,116.200944,39.944992,39106.93359375
652,平庄郊野公园,旅游景点;公园,116.242359,39.945193,116.242284,39.944939,246066.4609375
653,北京理工大学(西山实验区),教育培训;高等院校,116.232520,40.036072,116.233257,40.036273,62217.2109375
654,莲花池公园,旅游景点;公园,116.312992,39.892351,116.312363,39.892272,470320.62109375
655,永定河休闲森林公园,旅游景点;公园,116.177435,39.889437,116.177702,39.889250,414275.15234375
656,个园,旅游景点;公园,116.515737,39.867839,116.515500,39.868356,43681.2421875
657,北京来鹏高尔夫俱乐部,运动健身;体育场馆,116.462263,40.029965,116.461393,40.029447,80774.51953125
658,首都医科大学附属北京同仁医院(南区),医疗;综合医院,116.519731,39.775110,116.519111,39.775537,116776.3984375
659,北京网络职业学院,教育培训;高等院校,116.068634,39.688910,116.068077,39.688470,153888.0546875
660,福海国际大厦,购物;购物中心,116.398913,39.854643,116.398729,39.854504,25098.10546875
661,运河奥体公园,旅游景点;公园,116.688348,39.908315,116.687788,39.907736,268232.84375
662,北京电子信息技师学院,教育培训;高等院校,116.683271,39.987327,116.682396,39.987857,35268.08984375
663,十里河文化园,旅游景点;公园,116.458037,39.867579,116.457773,39.867658,31431.4453125
664,北京科技大学(管庄校区),教育培训;高等院校,116.593865,39.919996,116.594383,39.920163,57613.140625
665,中国人民解放军空军总医院,医疗;综合医院,116.300978,39.921723,116.301674,39.921144,115235.3828125
666,通州站,交通设施;火车站,116.665284,39.897468,116.664553,39.897667,50460.71875
667,良乡站,交通设施;火车站,116.157481,39.741511,116.157979,39.740871,44679.59375
668,涌溪公园,旅游景点;公园,116.406686,39.970009,116.405915,39.969347,10322.06640625
669,海淀体育中心,运动健身;体育场馆,116.303863,39.988684,116.303424,39.988908,55630.328125
670,北京医院,医疗;综合医院,116.415195,39.903839,116.414883,39.904437,57771.08203125
671,御康公园,旅游景点;公园,116.281800,39.814887,116.281980,39.814350,270002.95703125
672,恒泰中心,购物;购物中心,116.307138,39.866406,116.306996,39.865872,31401.23046875
673,古城公园,旅游景点;公园,116.193283,39.911873,116.193796,39.911675,21624.01953125
674,菖蒲河公园,旅游景点;公园,116.403558,39.908415,116.404138,39.908497,46885.54296875
675,北京政法职业学院,教育培训;高等院校,116.604396,39.918393,116.605219,39.918611,41968.73828125
676,市民公园,旅游景点;公园,116.423921,39.780095,116.423814,39.779934,105619.8828125
677,北京市第六医院,医疗;综合医院,116.412921,39.942618,116.413103,39.943148,14491.5703125
678,国泰宏城购物广场,购物;购物中心,116.634491,40.129713,116.634084,40.129503,13030.58984375
679,首都医科大学附属北京朝阳医院,医疗;综合医院,116.453602,39.925481,116.454222,39.925776,59541.859375
680,京山天宏高尔夫,运动健身;体育场馆,116.214029,39.886991,116.213447,39.887021,52541.0703125
681,黄港国际高尔夫俱乐部,运动健身;体育场馆,116.493842,40.068444,116.493877,40.069068,860029.86328125
682,神龙公园,旅游景点;公园,116.546644,39.754095,116.545952,39.753624,38005.2578125
683,北京南站,交通设施;火车站,116.379024,39.865116,116.378895,39.865770,283803.86328125
684,月坛体育馆,运动健身;体育场馆,116.355699,39.915736,116.355436,39.915998,38890.0
685,梨园主题公园,旅游景点;公园,116.677443,39.874905,116.677036,39.874360,94599.19921875
686,报国寺,旅游景点;文物古迹,116.359576,39.891265,116.359024,39.891033,18224.609375
687,北京赛特奥莱,购物;购物中心,116.505497,40.035324,116.504720,40.035763,82264.72265625
688,将府公园,旅游景点;公园,116.512422,39.971524,116.511907,39.972126,565690.09375
689,白云叠翠公园,旅游景点;公园,116.345633,39.902577,116.346410,39.902247,10322.34375
690,五道口购物中心,购物;购物中心,116.339338,39.991950,116.339196,39.992139,30876.94921875
691,中国藏语系高级佛学院,教育培训;高等院校,116.390378,39.964664,116.389737,39.965236,27147.2421875
692,民航总医院,医疗;综合医院,116.529629,39.915642,116.529894,39.915453,61810.9140625
693,首都师大(北一区),教育培训;高等院校,116.307938,39.937702,116.308817,39.937867,86401.48828125
694,飘亮阳光广场,购物;购物中心,116.409131,39.998049,116.409491,39.998392,31670.69921875
695,中国农业大学(东校区),教育培训;高等院校,116.357568,40.004391,116.357213,40.004442,527365.7578125
696,北京政法职业学院,教育培训;高等院校,116.368722,39.762281,116.368053,39.762054,100574.64453125
697,金色河畔高尔夫俱乐部,运动健身;体育场馆,116.528085,40.065318,116.528102,40.064679,590307.40625
698,百旺公园,旅游景点;公园,116.259875,40.043059,116.260363,40.042732,24429.84765625
699,天坛公园,旅游景点;公园,116.410832,39.881942,116.411284,39.882248,1951703.46875
700,丰台站,交通设施;火车站,116.289327,39.847987,116.289128,39.847620,49445.8671875
701,黄村公园,旅游景点;公园,116.334784,39.741875,116.335608,39.741558,57669.51953125
702,隆华奥特莱斯,购物;购物中心,116.642377,40.128544,116.643070,40.128110,20232.0234375
703,北京金港国际赛车场(金港北一路),运动健身;体育场馆,116.566447,40.016291,116.565616,40.016920,211113.203125
704,玉泉公园,旅游景点;公园,116.250167,39.983827,116.249483,39.983508,317102.05859375
705,寿保庄公园,旅游景点;公园,116.384399,39.775507,116.384327,39.775649,31094.53515625
706,行天湖公园,旅游景点;公园,116.263294,40.070894,116.263966,40.070286,66023.796875
707,大熊猫馆,旅游景点;动物园,116.338998,39.939613,116.339232,39.939621,13295.109375
708,鸿禧高尔夫俱乐部,运动健身;体育场馆,116.524950,39.801669,116.524519,39.801886,1456568.109375
709,葡山公园,旅游景点;公园,116.113664,39.925439,116.112887,39.925713,94686.96875
710,北京市中西医结合医院,医疗;综合医院,116.265926,39.906277,116.265767,39.905815,15498.25390625
711,北京市朝阳区大望京公园,旅游景点;公园,116.494643,39.996868,116.493850,39.997248,373692.18359375
712,三里屯太古里,购物;购物中心,116.454401,39.934874,116.454222,39.935458,33433.78125
713,兰花文化休闲公园,旅游景点;公园,116.218111,39.783916,116.218847,39.784554,258806.22265625
714,BHG Mall北京华联龙背村购物中心,购物;购物中心,116.270852,40.015603,116.271166,40.014971,18589.33203125
715,日坛公园,旅游景点;风景区,116.443871,39.915580,116.443474,39.915985,219809.609375
716,首都医科大学附属北京中医医院,医疗;综合医院,116.407970,39.931944,116.407735,39.932036,28585.45703125
717,莲花池长途汽车站,交通设施;长途汽车站,116.314263,39.887168,116.314144,39.886767,27909.9453125
718,南长河公园,旅游景点;公园,116.302348,39.950561,116.301666,39.950183,114515.7109375
719,北京工商大学良乡校区(西区),教育培训;高等院校,116.164128,39.718442,116.163385,39.718686,192353.51171875
720,北京孔庙,旅游景点;文物古迹,116.414454,39.946521,116.414891,39.945935,27592.8046875
721,北京中医药大学东直门医院,医疗;综合医院,116.427385,39.937243,116.427402,39.937841,22032.10546875
722,北京服装学院(芍药居校区),教育培训;高等院校,116.434438,39.979622,116.434511,39.979436,30707.29296875
723,都汇天地,购物;购物中心,116.460103,39.949790,116.459598,39.949299,21891.546875
724,香岩寺,旅游景点;文物古迹,116.223908,40.072715,116.224242,40.072238,32510.53125
725,首钢工业遗址公园,旅游景点;公园,116.163707,39.909561,116.163394,39.909879,4389784.55859375
726,中关村森林公园,旅游景点;公园,116.285294,40.062338,116.285567,40.061904,804113.12109375
727,黑山公园,旅游景点;公园,116.096519,39.940710,116.096690,39.940998,32518.81640625
728,北京市市政管理学校,教育培训;高等院校,116.321241,39.755858,116.321283,39.755281,48237.83984375
729,北京市中关村医院,医疗;综合医院,116.320637,39.979956,116.321285,39.979549,19657.95703125
730,北京信息科技大学(健翔桥校区),教育培训;高等院校,116.382576,39.989034,116.382507,39.988814,81072.5
731,团结湖公园,旅游景点;风景区,116.464455,39.925932,116.465000,39.925779,111028.765625
732,龙城高尔夫练习场,运动健身;体育场馆,116.289898,40.089732,116.289127,40.089522,30430.69140625
733,华联商厦(回龙观店),购物;购物中心,116.319206,40.076760,116.319518,40.076205,26640.46875
734,原创艺术博展中心,旅游景点;风景区,116.717855,39.965158,116.718346,39.965734,21225.05859375
735,天通苑街心花园,旅游景点;公园,116.420603,40.061172,116.420257,40.060687,16885.5625
736,北京先农坛体育场,运动健身;体育场馆,116.395753,39.874725,116.395127,39.875279,155928.51171875
737,北京师范大学(南院),教育培训;高等院校,116.363503,39.957025,116.362649,39.957373,51871.37890625
738,北京建筑大学,教育培训;高等院校,116.286487,39.748355,116.287325,39.747827,577209.7890625
739,翠微百货(牡丹园店),购物;购物中心,116.367177,39.977367,116.368053,39.978006,12818.8125
740,中国戏曲学院,教育培训;高等院校,116.332687,39.863815,116.332021,39.863478,57076.87109375
741,北京邮电大学,教育培训;高等院校,116.358023,39.961453,116.357225,39.961604,385409.859375
742,万达广场(北京丰台西铁营店),购物;购物中心,116.355851,39.860770,116.355405,39.860630,14571.1953125
743,福成大厦,购物;购物中心,116.398562,39.853377,116.398730,39.853120,14553.734375
744,北医三院中央党校院区(上河沿路),医疗;综合医院,116.279731,40.011811,116.280159,40.012169,10186.85546875
745,中央社会主义学院(民族大学南路),教育培训;高等院校,116.315915,39.949216,116.315952,39.949057,50118.02734375
746,团河行宫,旅游景点;文物古迹,116.378791,39.747578,116.378895,39.747995,257967.65234375
747,中国航天科工集团七三一医院,医疗;综合医院,116.170959,39.808915,116.170574,39.808858,79977.3046875
748,温馨公园,旅游景点;公园,116.027805,39.709253,116.028629,39.709033,54344.8828125
749,宋庄文化公园,旅游景点;公园,116.698096,39.955803,116.698541,39.956210,254027.046875
750,白各庄新村公园,旅游景点;公园,116.360870,40.114003,116.360820,40.113442,75138.62109375
751,北京匠心之轮国际网球中心,运动健身;体育场馆,116.575319,39.857862,116.574561,39.857957,37526.0390625
752,CBD历史文化公园,旅游景点;公园,116.455633,39.916516,116.456011,39.916100,24310.83203125
753,新年华购物中心,购物;购物中心,116.325684,39.877213,116.324860,39.877247,17265.546875
754,长安商场,购物;购物中心,116.345123,39.907950,116.344616,39.907793,12180.62890625
755,中央民族大学,教育培训;高等院校,116.320572,39.950811,116.321311,39.950528,295865.99609375
756,Lucy水世界(新新馆),运动健身;体育场馆,116.432129,40.009636,116.432732,40.009805,36201.51953125
757,中国人民解放军总医院第一附属医院,医疗;综合医院,116.304354,39.924829,116.305247,39.925355,48967.00390625
758,对外经济贸易大学,教育培训;高等院校,116.427838,39.980446,116.427368,39.980687,344865.37890625
759,北京电力医院,医疗;综合医院,116.315865,39.885927,116.315929,39.885415,51202.8046875
760,北京卫生职业学院第二院区(玉带河西街),教育培训;高等院校,116.649658,39.900324,116.650252,39.900233,32612.3203125
761,恒泰广场,购物;购物中心,116.305264,39.866192,116.305210,39.865840,31066.0703125
762,中关村公园(土井东路),旅游景点;公园,116.267956,40.058990,116.267582,40.059202,231357.78125
763,国家康复辅具研究中心附属康复医院,医疗;综合医院,116.496778,39.803991,116.497500,39.803480,43319.05078125
764,北京好骑士嘉豪俱乐部,运动健身;体育场馆,116.534958,40.123787,116.535236,40.124073,34295.12109375
765,中粮·祥云小镇,购物;购物中心,116.536367,40.090025,116.537028,40.089612,101184.63671875
766,中国矿业大学(学院路校区),教育培训;高等院校,116.348311,39.998095,116.348191,39.997634,218859.625
767,瀛海休闲公园,旅游景点;公园,116.435525,39.766833,116.436300,39.766293,26447.1484375
768,红军公园,旅游景点;公园,116.582014,39.845588,116.581753,39.845510,188698.484375
769,北京联合大学商务学院,教育培训;高等院校,116.487059,39.922230,116.486654,39.922736,24221.078125
770,三家店蒲草湿地公园,旅游景点;公园,116.095771,39.970665,116.096665,39.970024,518973.44921875
771,温榆广场,购物;购物中心,116.561997,40.049920,116.562062,40.050022,18266.43359375
772,香山公园,旅游景点;风景区,116.188534,39.990161,116.188410,39.990379,1705021.37890625
773,北京石油化工学院,教育培训;高等院校,116.325720,39.748162,116.324859,39.748397,209433.3515625
774,中山公园,旅游景点;公园,116.394206,39.910373,116.393355,39.909895,200110.8203125
775,国家开放大学五棵松校区,教育培训;高等院校,116.273233,39.908557,116.272980,39.908514,14049.80078125
776,翠微百货(大成路店),购物;购物中心,116.265321,39.888379,116.265750,39.887821,16097.23828125
777,合生广场,购物;购物中心,116.397760,39.855793,116.396930,39.855892,29588.9609375
778,北京后花园(白虎涧)风景区,旅游景点;风景区,116.098057,40.127471,116.098457,40.127424,3923439.796875
779,北京师范大学（海淀校区）,教育培训;高等院校,116.365613,39.961424,116.366259,39.961456,653137.3359375
780,北京丰台广济中西医结合医院,医疗;综合医院,116.330242,39.847628,116.330239,39.848236,11634.12890625
781,北京中医药大学(东校区),教育培训;高等院校,116.471738,39.981114,116.472171,39.981015,56367.48046875
782,东坝千亩湖公园,旅游景点;公园,116.526430,39.971898,116.526284,39.972113,96191.87109375
783,四惠长途汽车站,交通设施;长途汽车站,116.498712,39.907026,116.499296,39.907292,117242.4921875
784,颐方园综合馆,运动健身;体育场馆,116.448042,39.852502,116.448817,39.852376,31984.91015625
785,千禧街休闲购物广场,购物;购物中心,116.283562,39.889918,116.283749,39.890502,27993.28515625
786,北京首都国际机场,交通设施;飞机场,116.603023,40.077937,116.603399,40.077535,21658303.74609375
787,玉蜓公园,旅游景点;公园,116.418179,39.872259,116.418435,39.872649,72964.87890625
788,北辰绿色中央公园,旅游景点;公园,116.414711,40.030408,116.414888,40.030230,38732.13671875
789,船营公园,旅游景点;公园,116.271430,39.971004,116.271160,39.970751,177722.9921875
790,东直门长途汽车站,交通设施;长途汽车站,116.437893,39.944035,116.438113,39.943564,12542.8125
791,房山区良乡体育中心,运动健身;体育场馆,116.135919,39.741772,116.136339,39.741104,89825.99609375
792,北焦公园,旅游景点;公园,116.532082,39.849290,116.531661,39.849028,28318.23828125
793,合生汇,购物;购物中心,116.480216,39.894052,116.479401,39.893796,49673.51171875
794,北二环城市公园,旅游景点;公园,116.412622,39.948813,116.413099,39.948678,15321.046875
795,北京首都国际机场医院,医疗;综合医院,116.596487,40.051328,116.596190,40.051426,18134.19140625
796,解放军第307医院,医疗;综合医院,116.295562,39.862001,116.296278,39.861543,66059.6640625
797,北京外国语大学,教育培训;高等院校,116.313021,39.955546,116.312375,39.955904,193484.37109375
798,体育公园,运动健身;体育场馆,116.341848,40.078956,116.341012,40.079145,115041.98046875
799,北京开发区体育中心,运动健身;体育场馆,116.488080,39.791999,116.488455,39.792553,85635.07421875
800,天元公园,旅游景点;公园,116.260778,39.877349,116.260328,39.876822,194535.375
801,北京汽车光彩体育馆,运动健身;体育场馆,116.413245,39.852970,116.413076,39.853197,33899.84765625
802,北京顺义区空港医院,医疗;综合医院,116.543848,40.107557,116.544166,40.107659,26968.27734375
803,中关村文化体育中心,运动健身;体育场馆,116.328440,39.983189,116.328438,39.983787,18758.7109375
804,北京鸿华国际高尔夫球会,运动健身;体育场馆,116.422299,40.010281,116.422018,40.009612,710777.35546875
805,嘉园三里公园,旅游景点;公园,116.368538,39.843706,116.368065,39.843813,37586.27734375
806,大觉寺,旅游景点;文物古迹,116.106813,40.052755,116.107480,40.052897,39800.68359375
807,玲珑公园,旅游景点;公园,116.295282,39.929144,116.294526,39.929338,81648.484375
808,斯普瑞斯奥特莱斯2期,购物;购物中心,116.595954,40.012874,116.596164,40.012749,22186.234375
809,国家游泳中心,运动健身;体育场馆,116.390418,39.992959,116.389724,39.992873,64561.41796875
810,中国中医科学院广安门医院,医疗;综合医院,116.351684,39.890811,116.351805,39.891128,21990.06640625
811,大钟寺国际广场,购物;购物中心,116.343266,39.966353,116.342804,39.965880,100103.73828125
812,华联商厦(城南嘉园店),购物;购物中心,116.369626,39.834349,116.369882,39.834089,18643.7421875
813,儿童主题公园,旅游景点;公园,116.527244,39.925040,116.528107,39.925123,36158.75
814,弘慈广济寺,旅游景点;文物古迹,116.372315,39.924846,116.371703,39.925412,10386.46875
815,关岳庙,旅游景点;文物古迹,116.385761,39.946897,116.386147,39.947307,26470.26171875
816,首钢篮球中心,运动健身;体育场馆,116.199639,39.925514,116.199162,39.925604,29414.83984375
817,赵家台民俗旅游村,旅游景点;风景区,116.031055,39.880587,116.030406,39.880850,50922.99609375
818,勇士营郊野公园,旅游景点;公园,116.444439,40.035065,116.445261,40.034875,259261.1953125
819,北京欢乐谷,旅游景点;游乐园,116.494877,39.867754,116.495656,39.867209,482821.7265625
820,枣林公园,旅游景点;公园,116.336119,39.752133,116.335606,39.752652,35519.3046875
821,北京航空航天大学(沙河校区),教育培训;高等院校,116.269695,40.154667,116.269382,40.154366,903963.4375
822,昌发展万科广场,购物;购物中心,116.316026,40.066388,116.315954,40.066486,26554.625
823,丰台科技园生态主题公园,旅游景点;公园,116.295116,39.839006,116.294507,39.839370,56823.70703125
824,神华管理学院,教育培训;高等院校,116.475218,40.128331,116.475785,40.128691,76067.4609375
825,丽都花园,旅游景点;公园,116.479749,39.974691,116.479395,39.974009,63327.44140625
826,北京吉利学院,教育培训;高等院校,116.165934,40.175355,116.165198,40.175001,919922.33203125
827,启迪冰雪体育中心,运动健身;体育场馆,116.233702,39.908750,116.233251,39.909106,55495.15234375
828,上地公园,旅游景点;公园,116.310919,40.034444,116.310598,40.034635,17655.76953125
829,北京交通大学(东校区),教育培训;高等院校,116.347342,39.947262,116.348221,39.947884,108417.109375
830,滨河公园,旅游景点;公园,116.324882,39.768298,116.324866,39.767812,97444.21875
831,宛平城,旅游景点;文物古迹,116.224971,39.851436,116.224225,39.851039,213408.4453125
832,觉生寺,旅游景点;文物古迹,116.338005,39.968966,116.337411,39.968645,29150.89453125
833,首都医科大学附属复兴医院,医疗;综合医院,116.340184,39.905567,116.341016,39.905035,23439.35546875
834,新世界百货(千姿店),购物;购物中心,116.652136,40.126576,116.652031,40.126793,17206.02734375
835,南馆公园,旅游景点;公园,116.427775,39.943560,116.427400,39.943372,26375.00390625
836,大兴新城体育中心,运动健身;体育场馆,116.329304,39.767749,116.328445,39.767854,47788.90625
837,首都经济贸易大学华侨学院,教育培训;高等院校,116.311642,39.840473,116.312370,39.841052,36084.86328125
838,巴沟山水园,旅游景点;公园,116.289079,39.969826,116.289127,39.969370,83273.5390625
839,华夏醒狮足球俱乐部,运动健身;体育场馆,116.260162,39.884039,116.260331,39.883744,17407.015625
840,北京国际雕塑公园,旅游景点;公园,116.237955,39.906591,116.238664,39.906265,364429.625
841,湾会,运动健身;体育场馆,116.515662,39.899010,116.515518,39.898811,22542.453125
842,思莱斯高尔夫,运动健身;体育场馆,116.347624,39.840941,116.348208,39.841325,60283.4453125
843,京粮广场,购物;购物中心,116.254001,39.930831,116.253136,39.930919,29369.578125
844,天虹商场(北京宣武店),购物;购物中心,116.341144,39.888693,116.341001,39.888424,25801.0234375
845,北京工业大学通州校区,教育培训;高等院校,116.668678,39.929512,116.668145,39.929557,136314.3046875
846,北京青年政治学院(望京校区),教育培训;高等院校,116.474652,39.981073,116.473975,39.980994,27817.80078125
847,人民英雄纪念碑,旅游景点;文物古迹,116.397649,39.904561,116.396949,39.904342,10837.1640625
848,圣熙8号购物中心,购物;购物中心,116.353913,40.008861,116.353606,40.008636,28889.20703125
849,华贸购物中心,购物;购物中心,116.480793,39.909220,116.481223,39.908993,19041.94140625
850,北京轻工技师学院,教育培训;高等院校,116.550801,39.976305,116.551312,39.976614,19497.83984375
851,元大都城垣遗址,旅游景点;公园,116.402850,39.976053,116.402321,39.976243,1176004.0859375
852,金田公园南区,旅游景点;公园,116.561570,39.879995,116.562027,39.879977,430165.32421875
853,中国武警总医院,医疗;综合医院,116.263657,39.911197,116.263967,39.911375,35810.6953125
854,扑满山商城,购物;购物中心,116.427087,39.845446,116.427380,39.845114,11150.1484375
855,田村城市休闲公园,旅游景点;公园,116.210589,39.916935,116.209890,39.917443,80280.48046875
856,北京体育职业学院,教育培训;高等院校,116.410825,39.852214,116.411288,39.851793,97640.42578125
857,滨河公园,旅游景点;公园,116.349370,39.893075,116.350004,39.892530,12934.17578125
858,燕鹏时尚生活广场,购物;购物中心,116.062266,39.711078,116.062710,39.710576,18721.95703125
859,科丰公园,旅游景点;公园,116.294590,39.829877,116.294516,39.829678,36885.08984375
860,万丰公园,旅游景点;公园,116.292003,39.883236,116.292703,39.883647,233367.58203125
861,望京伯爵城中央公园,旅游景点;公园,116.477601,39.993612,116.477583,39.993382,102165.5234375
862,华润五彩城东区,购物;购物中心,116.336235,40.030313,116.335634,40.030820,37465.453125
863,君太百货,购物;购物中心,116.373108,39.909660,116.373502,39.910159,12594.625
864,北京朝来农艺园,旅游景点;公园,116.446766,40.029444,116.447046,40.029372,52456.91796875
865,中海环宇荟购物中心,购物;购物中心,116.406446,39.977965,116.405908,39.977638,19538.87109375
866,北京罗耶尔灵克体育场馆管理有限公司(罗耶尔灵克高尔夫俱乐部),运动健身;体育场馆,116.278874,39.947416,116.278381,39.947220,22301.796875
867,北小河公园,旅游景点;公园,116.454886,40.005226,116.454189,40.004561,163556.9296875
868,石各庄公园,旅游景点;公园,116.558919,39.935837,116.558488,39.935275,145864.7421875
869,朗姿女装购物广场,购物;购物中心,116.553415,40.098350,116.553096,40.098166,30934.7109375
870,北京信息科技大学(清河校区),教育培训;高等院校,116.342465,40.044226,116.342827,40.044637,51822.59375
871,嵩祝寺及智珠寺,旅游景点;文物古迹,116.403990,39.928418,116.404149,39.927867,14138.5390625
872,三家店站,交通设施;火车站,116.120070,39.951652,116.120097,39.951886,59149.5546875
873,中坞公园,旅游景点;公园,116.260712,39.980777,116.260329,39.980556,284109.9765625
874,兵器工业北京北方医院,医疗;综合医院,116.296992,39.949818,116.296304,39.950101,12781.83984375
875,庆丰公园东园,旅游景点;公园,116.464594,39.903008,116.464985,39.903639,96317.68359375
876,北京农业职业学院,教育培训;高等院校,116.228283,39.772383,116.227828,39.772045,400389.08203125
877,首都医科大学附属北京安贞医院,医疗;综合医院,116.403584,39.972865,116.404117,39.973484,68728.46875
878,颐堤港购物中心,购物;购物中心,116.491504,39.969838,116.492050,39.969643,56482.44140625
879,南礼士路公园,旅游景点;公园,116.354445,39.910742,116.353627,39.910485,20596.546875
880,翠微烟雨公园,旅游景点;公园,116.301102,39.916488,116.301672,39.916993,32143.70703125
881,北京丰台医院,医疗;综合医院,116.295393,39.842660,116.294504,39.842139,25236.828125
882,证仁医院,医疗;综合医院,116.357715,39.870602,116.357208,39.870295,10595.06640625
883,华润·五彩城,购物;购物中心,116.334116,40.030253,116.333841,40.030812,62758.015625
884,定慧公园,旅游景点;公园,116.285953,39.920500,116.285568,39.920957,39510.7734375
885,北京银泰中心,购物;购物中心,116.459242,39.907569,116.459595,39.907804,30692.3515625
886,北京市丰台区铁营医院,医疗;综合医院,116.423062,39.856805,116.423799,39.857509,12165.9296875
887,普度寺,旅游景点;文物古迹,116.404662,39.913466,116.404143,39.914032,10377.875
888,百盛购物中心(复兴门店),购物;购物中心,116.358212,39.908424,116.359041,39.909027,22716.26171875
889,地坛公园,旅游景点;风景区,116.414950,39.953656,116.414883,39.954229,321357.5546875
890,北大资源研修学院,教育培训;高等院校,116.213766,40.090041,116.213449,40.090161,113416.75
891,东石公园,旅游景点;公园,116.576082,39.818863,116.576387,39.819197,665017.015625
892,广安体育中心,运动健身;体育场馆,116.354873,39.886942,116.355410,39.886932,43818.203125
893,东方天星练习场,运动健身;体育场馆,116.459785,40.053246,116.459606,40.052925,32725.43359375
894,金隅嘉品Mall,购物;购物中心,116.548231,39.951554,116.547764,39.951673,23733.98046875
895,华联商厦(阜成门店),购物;购物中心,116.354257,39.924147,116.353635,39.924322,17918.57421875
896,北顶娘娘庙,旅游景点;文物古迹,116.390158,39.990131,116.389724,39.990109,10709.3828125
897,铭泽生活广场,购物;购物中心,116.476869,39.863400,116.477584,39.863368,10137.34765625
898,北京市海淀区甘家口百货商场,购物;购物中心,116.333341,39.927461,116.333850,39.927157,13404.3046875
899,田村山体育中心,运动健身;体育场馆,116.245925,39.926605,116.245904,39.926900,256423.12109375
900,华堂商场(亚运村店),购物;购物中心,116.420792,39.987992,116.420222,39.987473,10758.7890625
901,解放军火箭军总医院,医疗;综合医院,116.372342,39.956768,116.371687,39.957212,39157.9375
902,北京市昌平区中西医结合医院,医疗;综合医院,116.366323,40.076118,116.366265,40.076105,46907.37109375
903,万达广场(北京石景山店),购物;购物中心,116.225746,39.906365,116.226041,39.906401,44442.67578125
904,北京和睦家医院,医疗;综合医院,116.485157,39.974989,116.484815,39.975301,15990.43359375
905,北京林业大学,教育培训;高等院校,116.344829,40.002522,116.344593,40.003183,486893.93359375
906,官园公园,旅游景点;公园,116.360991,39.936158,116.360857,39.936667,16656.30859375
907,京投港长阳购物中心,购物;购物中心,116.212824,39.763011,116.213444,39.762348,14512.2578125
908,北京联合大学(北苑校区),教育培训;高等院校,116.420483,40.038643,116.420257,40.038596,25933.89453125
909,碧水风荷公园,旅游景点;公园,116.338490,40.039829,116.339231,40.040498,36681.0625
910,中国传媒大学,教育培训;高等院校,116.557338,39.912171,116.556694,39.911727,477304.40625
911,北京交通运输职业学院,教育培训;高等院校,116.662297,39.862450,116.662751,39.863028,35616.9921875
912,北京联合大学应用文理学院,教育培训;高等院校,116.355313,39.977402,116.355407,39.976830,31147.32421875
913,减河公园,旅游景点;公园,116.668334,40.134394,116.668121,40.133939,131990.0859375
914,槐树岭公园,旅游景点;公园,116.163508,39.860664,116.163368,39.860046,78941.80078125
915,天通艺园,旅游景点;公园,116.434648,40.070716,116.434536,40.070601,128288.58203125
916,朝阳公园,旅游景点;风景区,116.482703,39.943996,116.483035,39.943544,2842084.30078125
917,北京农职院机电工程学院,教育培训;高等院校,116.307830,40.078244,116.307016,40.078742,47913.015625
918,天陆购物中心,购物;购物中心,116.464976,40.016827,116.464978,40.017001,54027.21875
919,北京市地坛体育中心,运动健身;体育场馆,116.409994,39.954963,116.409512,39.955553,46150.9375
920,北京舞蹈学院,教育培训;高等院校,116.319233,39.947034,116.319527,39.946352,58325.36328125
921,恒大城市广场,购物;购物中心,116.532932,39.968722,116.533451,39.969413,19569.1875
922,半塔郊野公园,旅游景点;公园,116.399868,40.089172,116.400530,40.089483,330593.7421875
923,中国协和医科大学-护理学院,教育培训;高等院校,116.197869,39.943975,116.197372,39.943552,32777.76171875
924,华汇紫薇公园,旅游景点;公园,116.428896,39.997209,116.429153,39.997302,45086.9921875
925,北京清华长庚医院,医疗;综合医院,116.414887,40.073135,116.414885,40.073028,99074.8671875
926,西直河休闲健康园,旅游景点;公园,116.534143,39.845544,116.533455,39.844895,48664.60546875
927,凯德MALL(太阳宫店),购物;购物中心,116.447487,39.971440,116.447027,39.971335,28624.6328125
928,首都师范大学(分校区),教育培训;高等院校,116.455259,40.021890,116.455999,40.022533,29248.05078125
929,石榴庄公园,旅游景点;公园,116.418750,39.835190,116.418458,39.835271,29850.21484375
930,首都医科大学附属北京潞河医院,医疗;综合医院,116.659623,39.901387,116.659198,39.901730,34679.51953125
931,兴隆公园(兴隆庄店),旅游景点;公园,116.533905,39.912898,116.533472,39.912723,475468.19140625
932,十方诸佛宝塔,旅游景点;文物古迹,116.536499,39.876380,116.537020,39.876781,85757.0859375
933,新世界百货(望京店),购物;购物中心,116.480524,39.986717,116.481195,39.986417,22629.58203125
934,首都医科大学附属北京妇产医院南院区,医疗;综合医院,116.478168,39.865968,116.477583,39.866137,15292.51953125
935,紫竹院公园,旅游景点;风景区,116.318295,39.942590,116.317743,39.942176,446363.73828125
936,爱家国际商业中心,购物;购物中心,116.483776,39.958087,116.483022,39.958749,51167.15625
937,北京双安商场,购物;购物中心,116.325893,39.966469,116.326661,39.965803,13928.640625
938,新世界百货,购物;购物中心,116.417852,39.897820,116.418452,39.897566,43801.91015625
939,北京工业大学,教育培训;高等院校,116.481588,39.875393,116.481196,39.875771,742294.95703125
940,首都师范大学良乡校区,教育培训;高等院校,116.179220,39.712625,116.179505,39.713298,389517.7265625
941,北京中医药大学东方医院西院区(二七院区),医疗;综合医院,116.204400,39.829590,116.204516,39.830173,11292.2421875
942,希望公园,旅游景点;公园,116.202957,39.938241,116.202735,39.938106,86774.16796875
943,北京交通大学,教育培训;高等院校,116.343130,39.952249,116.342817,39.952059,582547.30859375
944,顺义奥林匹克水上公园,旅游景点;风景区,116.692246,40.173884,116.691380,40.174275,2793229.9453125
945,金四季购物中心,购物;购物中心,116.271404,39.943816,116.271184,39.944491,68462.19921875
946,彼岸青滩高尔夫球俱乐部,运动健身;体育场馆,116.445048,40.144662,116.445253,40.145259,36340.96875
947,青龙湖,旅游景点;公园,116.088203,39.797130,116.087728,39.796963,416201.34375
948,桃苑公园,旅游景点;公园,116.382938,39.827383,116.382538,39.826951,123440.953125
949,北京市海淀医院,医疗;综合医院,116.315128,39.976955,116.315927,39.976697,46343.76171875
950,狼垡公园,旅游景点;公园,116.280661,39.791468,116.280176,39.790789,73889.12890625
951,首都师范大学(东校区),教育培训;高等院校,116.324591,39.925117,116.324896,39.925689,49205.97265625
952,北京石景山游乐园,旅游景点;游乐园,116.208702,39.912028,116.208095,39.911890,374695.94140625
953,北京工人体育馆,运动健身;体育场馆,116.441868,39.932260,116.441691,39.932559,78098.08984375
954,蓝色港湾国际商区,购物;购物中心,116.475584,39.949621,116.475807,39.949185,118503.30859375
955,人定湖公园,旅游景点;公园,116.386061,39.957226,116.386139,39.956983,81990.1953125
956,蓝调庄园,旅游景点;风景区,116.608243,39.965612,116.608814,39.965556,723198.94140625
957,CBD文化体育广场,运动健身;体育场馆,116.456764,39.906089,116.456003,39.906413,14427.3046875
958,百联清城国际购物中心,购物;购物中心,116.331401,39.738702,116.332023,39.738764,20144.34765625
959,北京联合大学-南院,教育培训;高等院校,116.427410,39.990540,116.427366,39.990360,112122.65234375
960,万芳亭网球馆,运动健身;体育场馆,116.373313,39.857711,116.373477,39.857558,12549.01953125
961,国家检察官学院,教育培训;高等院校,116.305481,40.164965,116.305248,40.165603,218422.08984375
962,朝阳体育中心,运动健身;体育场馆,116.528613,39.944868,116.528102,39.944483,428813.07421875
963,减河公园(堡龙路),旅游景点;公园,116.700849,39.921754,116.700351,39.921642,93559.5078125
964,棋盘山景区,旅游景点;风景区,116.015790,40.134738,116.015977,40.135246,211044.3125
965,清河站(建设中),交通设施;火车站,116.315424,40.041262,116.315959,40.041637,117958.9296875
966,华润·五彩城西区,购物;购物中心,116.332826,40.030135,116.332048,40.030800,19163.16015625
967,悦茂购物中心,购物;购物中心,116.349740,40.043500,116.350028,40.043212,11600.80078125
968,北京市健宫医院,医疗;综合医院,116.375793,39.880975,116.375284,39.881059,21599.26953125
969,东坝郊野公园(管庄路),旅游景点;公园,116.574078,39.954432,116.574581,39.954815,2073766.32421875
970,北京金融学院西校区,教育培训;高等院校,116.363537,40.054557,116.362664,40.054087,28842.20703125
971,西会公园,旅游景点;公园,116.591286,39.907889,116.590767,39.907749,242050.64453125
972,柳荫公园,旅游景点;公园,116.402015,39.960869,116.402334,39.961042,144816.6875
973,北京联合大学机电学院,教育培训;高等院校,116.458214,39.930769,116.457811,39.931322,17021.58203125
974,北京大学(医学部),教育培训;高等院校,116.359184,39.984505,116.359014,39.985069,393340.55078125
975,西山公园,旅游景点;公园,116.240094,39.946658,116.240477,39.946351,30284.5625
976,北京现代音乐研修学院,教育培训;高等院校,116.652435,39.874574,116.652024,39.873949,31146.44921875
977,鑫海韵通大卖场(石园店),购物;购物中心,116.660840,40.109224,116.660964,40.108984,14535.27734375
978,外交学院,教育培训;高等院校,116.280795,40.153873,116.280180,40.154312,230946.5703125
979,东小口森林公园,旅游景点;公园,116.392814,40.048276,116.393365,40.048107,1610056.1484375
980,西单商场,购物;购物中心,116.414875,40.066479,116.414891,40.066129,11770.66796875
981,蟹岛-城市海景水上乐园,旅游景点;游乐园,116.545049,40.019692,116.544184,40.019322,48882.59765625
982,卧龙公园,旅游景点;公园,116.639551,40.141022,116.639490,40.140520,104218.34765625
983,万科公园,旅游景点;公园,116.477275,39.925554,116.477620,39.925652,34453.21484375
984,望和公园(北园),旅游景点;公园,116.452739,40.000213,116.452394,40.000404,134933.140625
985,东小口城市休闲公园,旅游景点;公园,116.378511,40.047484,116.378933,40.046897,1107216.8671875
986,南店公园,旅游景点;公园,116.338850,40.063076,116.339230,40.062587,10143.2890625
987,北京市普仁医院,医疗;综合医院,116.420466,39.894845,116.420236,39.894826,13994.25
988,留民营生态科普公园,旅游景点;公园,116.574576,39.698990,116.574593,39.698557,40815.22265625
989,中央财经大学清河校区,教育培训;高等院校,116.322888,40.031646,116.323100,40.032083,14889.96484375
990,北大软件与微电子学院,教育培训;高等院校,116.357027,39.758515,116.357210,39.758074,43096.10546875
991,奥林匹克森林公园,旅游景点;风景区,116.390401,40.018926,116.389742,40.019128,6982769.125
992,中国人民解放军第三一六医院,医疗;综合医院,116.239051,40.002479,116.238643,40.003039,16433.36328125
993,齐物潭,旅游景点;公园,116.178390,40.063289,116.177726,40.063408,17795.875
994,和义公园,旅游景点;公园,116.385981,39.820113,116.386152,39.819978,207296.3671875
995,首钢工学院,教育培训;高等院校,116.202290,39.926268,116.202736,39.925659,135359.99609375
996,后沙峪公园,旅游景点;公园,116.485838,40.082693,116.486633,40.082996,77095.0
997,广慧寺,旅游景点;文物古迹,116.047651,39.907058,116.048400,39.907139,39963.5625
